trade_date,Banking,RealEstate,SteelMaterials,Technology,ConsumerStaples,ConsumerDiscretionary,Energy,IndustrialLogistics,Healthcare,Utilities
2025-06-19,,,0.0,-0.5,0.339622641509434,0.8571428571428571,0.27272727272727276,0.34285714285714286,,0.2857142857142857
2025-06-20,,,0.0,0.17142857142857143,-0.4800000000000001,0.0,0.11538461538461539,0.0,,0.5357142857142858
2025-06-23,0.7,-0.5000000000000001,-0.28571428571428575,0.2894736842105263,0.38749999999999996,0.20207253886010365,0.3333333333333333,0.7777777777777778,-0.6,0.5038167938931297
2025-06-24,,,1.0,0.19230769230769226,-0.08771929824561404,0.171875,0.5,0.5,-1.0,0.3333333333333333
2025-06-25,1.0,,0.5,0.5,-0.25,0.15730337078651685,0.0,0.17241379310344823,0.0,0.2978723404255319
2025-06-26,0.0,0.0,,0.8,-0.20312500000000003,0.18181818181818177,0.0,0.5,0.0,0.16438356164383564
2025-06-27,,,1.0,0.3333333333333333,-0.46153846153846156,0.11538461538461539,0.0,0.375,0.0,0.4117647058823529
2025-06-30,,-0.5,-1.0,0.27083333333333337,0.288135593220339,0.22317596566523606,0.375,0.7647058823529412,-0.4444444444444444,0.1368421052631579
2025-07-01,,,0.4285714285714286,0.17647058823529413,0.17777777777777778,0.28571428571428575,0.25,0.25,0.0,0.11538461538461536
2025-07-02,0.0,0.75,-0.5,-0.4285714285714286,0.3962264150943396,0.125,0.0,0.3333333333333333,-0.13043478260869565,0.13636363636363638
2025-07-03,,0.0,0.0,0.0,0.28571428571428575,0.20224719101123598,0.1,1.0,-0.2608695652173913,0.0
2025-07-04,,,0.0,0.0,0.391304347826087,0.44329896907216504,0.0,1.0,0.0,0.6428571428571429
2025-07-07,1.0,0.15789473684210528,0.09090909090909091,0.04907975460122698,0.12396694214876035,0.2450638792102207,0.44751381215469616,0.3061224489795918,0.6666666666666666,0.23008057296329457
2025-07-08,,,,0.18181818181818182,-0.1739130434782609,0.18518518518518517,-0.5,0.75,,0.5862068965517241
2025-07-09,,0.0,0.4,0.2222222222222222,-0.08849557522123896,0.23728813559322035,0.5617977528089887,0.7,0.27272727272727276,0.3098591549295775
2025-07-10,1.0,,0.0,-0.17391304347826086,0.24778761061946902,0.2727272727272727,0.6956521739130435,-0.08,0.0,0.28301886792452835
2025-07-11,,,-0.42857142857142855,0.52,0.2530120481927711,0.13580246913580246,-0.4000000000000001,0.25,0.0,0.24731182795698925
2025-07-14,,1.0,0.5,0.5,0.20689655172413796,0.35820895522388063,0.0,0.5217391304347826,0.21621621621621623,0.4833333333333333
2025-07-15,0.0,,0.0,0.4482758620689655,0.08,0.14516129032258063,0.24000000000000002,0.43478260869565216,-0.5,0.36363636363636365
2025-07-16,-1.0,0.6666666666666666,1.0,0.6545454545454545,0.2727272727272727,0.37735849056603776,0.2448979591836735,-0.14285714285714285,-1.0,0.26373626373626374
2025-07-17,,1.0,-0.4285714285714286,0.7500000000000001,-0.8275862068965518,0.20833333333333334,0.0,0.6206896551724138,0.0,0.22500000000000003
2025-07-18,0.0,0.0,0.5000000000000001,0.75,0.10810810810810813,0.20224719101123598,0.3529411764705882,0.42857142857142855,0.0,0.019607843137254905
2025-07-21,0.0,0.25,1.0,0.3400000000000001,0.32857142857142857,0.0,0.3333333333333333,0.21951219512195122,0.0,0.23255813953488372
2025-07-22,,0.6666666666666666,,0.5,0.10344827586206898,0.3333333333333333,0.0,0.5555555555555556,0.0,0.2647058823529412
2025-07-23,,,1.0,0.8,-0.21052631578947367,0.38095238095238093,0.15000000000000002,0.15000000000000002,,0.18604651162790697
2025-07-24,0.0,,0.0,0.47058823529411764,0.0,0.20869565217391303,0.0,0.42857142857142855,,0.2
2025-07-25,0.0,0.3333333333333333,,0.5,0.7142857142857143,0.38372093023255816,0.30000000000000004,0.10344827586206898,,0.0
2025-07-28,,0.0,1.0,0.5123339658444023,0.14435695538057744,0.21087680355160932,-0.1450676982591876,0.75,-0.3333333333333333,0.1591289782244556
2025-07-29,,0.3333333333333333,,0.5555555555555556,0.15789473684210528,0.07692307692307693,-0.07692307692307693,0.1875,0.5,0.576923076923077
2025-07-30,0.3333333333333333,1.0,0.7058823529411765,0.0,0.5510204081632654,0.07407407407407407,0.13333333333333333,0.15000000000000002,,0.32727272727272727
2025-07-31,0.0,0.7142857142857143,1.0,0.8064516129032258,0.6455696202531646,0.2837837837837838,-0.07368421052631578,0.540983606557377,,0.1851851851851852
2025-08-01,0.0,0.5,,-0.1111111111111111,0.27272727272727276,0.2535211267605634,-0.2222222222222222,0.2068965517241379,,0.15384615384615385
2025-08-04,,0.6842105263157895,,0.23529411764705882,0.006711409395973149,0.2935982339955849,0.1807228915662651,0.29333333333333333,-0.5,-0.15909090909090912
2025-08-05,0.5,,0.4444444444444444,0.8,0.5,0.26000000000000006,-0.18181818181818182,0.5671641791044777,0.0,0.6666666666666666
2025-08-06,0.0,0.75,0.4545454545454546,0.0,0.4019292604501608,0.18867924528301888,0.0,0.17543859649122806,0.6666666666666666,0.43859649122807015
2025-08-07,,0.0,0.0,0.34285714285714286,0.37037037037037035,0.25925925925925924,0.5454545454545455,0.6666666666666666,0.0,0.6075949367088608
2025-08-08,-0.3333333333333333,,1.0,-0.4,0.21951219512195122,0.3918918918918919,0.8,0.3333333333333333,,0.45945945945945954
2025-08-11,1.0,0.8695652173913043,0.45454545454545453,0.2857142857142857,0.1411764705882353,0.20168067226890754,0.11111111111111112,-0.08571428571428572,-1.0,0.1875
2025-08-12,1.0,1.0,0.0,1.0,-0.07142857142857142,0.1111111111111111,0.5,0.14285714285714285,0.0,0.4666666666666667
2025-08-13,1.0,1.0,,0.6153846153846154,-0.15789473684210528,0.11250000000000002,0.0,0.4117647058823529,-0.75,0.4675324675324676
2025-08-14,1.0,1.0,1.0,0.16666666666666666,0.0,0.163265306122449,0.7727272727272727,0.0,0.0,0.3589743589743589
2025-08-15,,,0.0,0.5454545454545454,0.25,0.25,0.125,0.5,0.0,0.1
2025-08-18,1.0,0.5454545454545454,0.0,0.4791666666666667,0.2530657748049052,0.3620593172915501,-0.0930232558139535,0.27745664739884396,,0.2244053774560496
2025-08-19,,0.0,1.0,0.4,0.7,0.1,0.5714285714285715,0.5,0.5,0.23076923076923078
2025-08-20,1.0,0.6666666666666666,0.25,0.18181818181818182,0.39999999999999997,0.19008264462809918,0.0,0.2142857142857143,,0.5
2025-08-21,,1.0,0.0,0.43750000000000006,-0.35294117647058826,0.16216216216216217,0.0,0.6363636363636364,0.0,0.5974025974025975
2025-08-22,,,0.25,0.2608695652173913,0.5384615384615384,0.3333333333333333,-0.07407407407407407,0.9047619047619048,0.0,0.5
2025-08-25,0.0,0.6,1.0,0.3699421965317919,0.39705882352941174,0.29261363636363635,0.27,0.3088235294117647,0.0,0.3370165745856354
2025-08-26,0.0,,,0.6000000000000001,0.7317073170731707,0.11538461538461539,0.12,,,0.05555555555555555
2025-08-27,1.0,1.0,1.0,0.6666666666666666,0.6666666666666666,0.3170731707317074,0.6551724137931035,0.4,0.0,0.13793103448275865
2025-08-28,1.0,,0.0,0.4285714285714286,0.4444444444444444,0.4615384615384616,0.25,1.0,,0.48837209302325585
2025-08-29,0.0,0.5384615384615384,0.6,0.5652173913043478,0.3050847457627119,0.10937499999999999,0.3229166666666667,0.25,0.0,0.23423423423423423
2025-09-03,0.8333333333333334,0.6,0.75,0.4042553191489361,0.6329113924050634,0.3183098591549296,0.2951807228915662,0.6233766233766235,0.6666666666666666,0.31771894093686354
2025-09-04,0.0,0.0,,0.4,0.368421052631579,0.36363636363636365,0.5909090909090909,0.3333333333333333,0.0,0.3936170212765957
2025-09-05,1.0,-1.0,1.0,0.25,0.42857142857142855,0.425531914893617,0.17241379310344826,0.5,,0.13157894736842105
2025-09-08,0.7777777777777778,0.6,0.0,0.12411347517730495,0.29778393351800553,0.5109204368174728,0.4750593824228028,0.4473684210526315,0.0,0.29261155815654716
2025-09-09,1.0,1.0,0.25,0.8333333333333334,0.6046511627906979,0.05714285714285714,0.0,0.5714285714285714,,0.3586956521739131
2025-09-10,,,0.21052631578947373,0.40540540540540543,0.13043478260869565,0.25842696629213485,0.10000000000000002,0.6666666666666666,0.0,0.022222222222222223
2025-09-11,,0.0,,0.75,0.3,0.18604651162790697,0.2857142857142857,1.0,,0.3846153846153846
2025-09-12,,1.0,1.0,0.2727272727272727,0.6666666666666666,0.3835616438356164,-0.10204081632653064,0.45454545454545453,1.0,0.3684210526315789
2025-09-15,,0.0,0.3333333333333333,0.3620689655172414,-0.07894736842105264,0.1703703703703704,0.18666666666666665,0.625,0.0,0.33064516129032256
2025-09-16,,1.0,0.0,0.7391304347826088,0.5,0.3108108108108108,0.5714285714285714,0.45454545454545453,0.0,0.5
2025-09-17,,,0.5,0.22580645161290322,0.2857142857142857,0.4634146341463415,0.09302325581395347,1.0,-0.11627906976744187,0.2066115702479339
2025-09-18,,0.0,-1.0,1.0,-0.2,0.13333333333333336,0.2903225806451613,0.2,,0.20000000000000004
2025-09-19,1.0,0.5,,1.0,0.8636363636363636,0.34848484848484845,-0.11111111111111115,0.6666666666666666,,0.38888888888888895
2025-09-22,0.8888888888888888,0.75,-0.08695652173913042,0.4269662921348315,0.18750000000000003,0.3355704697986577,0.20895522388059704,0.5,-0.4285714285714286,0.14689265536723162
2025-09-23,,,0.5,1.0,0.44000000000000006,0.825242718446602,0.6129032258064516,0.6521739130434783,,0.7681159420289855
2025-09-24,0.0,0.75,,0.728813559322034,0.4,0.21600000000000003,0.09890109890109891,0.36363636363636365,0.0,0.24031007751937983
2025-09-25,0.0,1.0,0.3333333333333333,0.8333333333333334,0.5,0.28125,0.2368421052631579,0.0,,0.5454545454545454
2025-09-26,,0.0,0.0,0.6153846153846154,0.12499999999999997,0.4337349397590362,0.10526315789473682,0.3,0.6666666666666666,0.22641509433962267
2025-09-29,,0.8,0.0,0.5581395348837209,0.5,0.35807860262008734,0.13953488372093023,0.5172413793103449,0.0,0.4201680672268908
2025-09-30,1.0,,0.75,0.2222222222222222,-0.15000000000000002,0.38216560509554137,0.0,0.7,,0.4158415841584159
2025-10-01,0.4285714285714286,0.0,0.6666666666666666,-0.22033898305084748,-0.025641025641025637,-0.02439024390243902,0.13043478260869565,-0.0909090909090909,,-0.05128205128205128
2025-10-02,1.0,0.75,,0.7000000000000002,-0.17647058823529413,0.5929203539823009,0.6551724137931034,0.5714285714285714,,0.3953488372093023
2025-10-03,1.0,1.0,1.0,0.5,0.36170212765957444,0.36986301369863017,0.8117647058823529,0.14285714285714285,0.0,0.37588652482269497
2025-10-06,1.0,0.5714285714285715,0.85,0.4380165289256198,0.2716049382716049,0.45299145299145294,0.443298969072165,0.5675675675675677,0.0,0.5199999999999999
2025-10-07,1.0,0.3333333333333333,0.0,0.25,0.625,0.7714285714285715,0.4137931034482758,1.0,,0.5454545454545455
2025-10-08,0.3333333333333333,0.8,0.2,0.1428571428571429,0.30909090909090914,0.5639097744360902,0.09259259259259262,0.04347826086956524,-0.4,0.21518987341772153
2025-10-09,,,1.0,0.7777777777777778,0.7894736842105263,0.3548387096774194,0.0,0.7777777777777778,,0.6170212765957447
2025-10-10,1.0,1.0,1.0,1.0,0.21739130434782608,0.4858611825192802,0.323943661971831,0.6610169491525423,1.0,0.3181818181818182
2025-10-13,0.7257590597453477,0.8035284683239776,0.9226641414141414,0.4741360807040137,0.6118658164679789,0.36336717428087983,0.2589928057553957,0.7493606138107416,0.11764705882352942,0.41978440076093854
2025-10-14,1.0,0.7877358490566038,0.8884758364312267,0.7981366459627329,0.28759894459102897,0.3803056027164686,0.7567567567567566,0.5121951219512195,0.0,0.717741935483871
2025-10-15,0.6363636363636364,0.027027027027027004,-0.5000000000000001,0.45000000000000007,-0.07246376811594206,0.19587628865979384,0.3333333333333333,0.38461538461538464,,0.3548387096774194
2025-10-16,0.7142857142857144,0.6500000000000001,0.8461538461538463,0.3095238095238096,0.4727272727272727,0.2992125984251969,-0.29787234042553196,0.55,1.0,0.39999999999999997
2025-10-17,-0.29629629629629634,0.8888888888888888,0.3516483516483516,0.9620253164556962,0.49612403100775193,0.6458923512747875,-0.21333333333333335,0.6068965517241379,0.0,0.40287769784172667
2025-10-20,-0.4615384615384615,0.3305785123966942,0.541586073500967,0.22240527182866557,0.12021036814425246,0.30444389884605944,-0.07751937984496124,0.3068592057761733,0.07692307692307691,0.22869746923612722
2025-10-21,-1.0,-0.52,0.5,0.5135135135135135,0.11864406779661021,0.2435233160621762,-0.5384615384615384,0.17142857142857143,,0.22222222222222224
2025-10-22,0.14285714285714282,0.3462157809983897,0.30348258706467657,0.009823182711198412,0.27249683143219267,0.17076923076923076,-0.04597701149425289,0.38095238095238093,,0.4615384615384615
2025-10-23,-0.4137931034482759,0.25000000000000006,0.5217391304347826,0.0,0.0,0.15384615384615385,0.3103448275862069,0.19047619047619047,1.0,0.07500000000000001
2025-10-24,0.0,0.35714285714285715,0.5555555555555556,-0.13636363636363635,0.047619047619047616,0.3283582089552239,-0.09090909090909091,0.7096774193548386,1.0,0.5423728813559322
2025-10-27,-0.021739130434782605,0.4367816091954023,0.6323529411764707,0.3043478260869566,-0.10060975609756098,0.20333772507685552,0.19298245614035087,0.5605095541401274,0.5,0.39555555555555555
2025-10-28,-0.28571428571428575,-0.19999999999999998,0.17647058823529413,0.391304347826087,0.024999999999999998,0.36000000000000004,0.3529411764705882,0.9285714285714286,,0.5853658536585367
2025-10-29,0.625,0.5540809555408096,0.9146341463414636,0.25744416873449133,0.665871121718377,0.06215469613259668,0.0,1.0,-0.25,0.41317365269461076
2025-10-30,0.5555555555555556,0.8515283842794761,0.0,0.28767123287671237,0.434412265758092,0.17006802721088435,0.6,0.47038327526132406,,0.36986301369863017
2025-10-31,-1.0,0.8208092485549133,0.8235294117647058,0.42105263157894746,0.2138728323699422,0.3434903047091412,0.3333333333333333,0.6528925619834711,0.0,0.5652173913043478
2025-11-03,-0.5161290322580645,0.6458333333333334,0.40298507462686567,0.3152173913043479,0.2307692307692308,0.30622009569378,0.14503816793893126,0.6111111111111112,,0.7126436781609196
2025-11-04,-1.0,0.03789126853377267,0.8770949720670392,-0.7454545454545455,0.27884615384615385,0.6246418338108882,0.09090909090909091,0.34185303514377,0.0,0.275
2025-11-05,1.0,0.6116504854368933,1.0,0.6728971962616823,0.46372239747634075,0.39252336448598124,0.13043478260869568,0.9183673469387755,1.0,0.2647058823529412
2025-11-06,0.0,0.6513647642679902,0.5932203389830509,0.8551483420593369,0.0,0.30434782608695654,0.69164265129683,0.26666666666666666,0.0,0.9130434782608696
2025-11-07,0.6,0.45695364238410596,0.5217391304347827,-0.5238095238095238,-0.06896551724137925,0.355421686746988,-0.12213740458015265,0.782608695652174,0.0,0.4782608695652174
2025-11-10,-1.0,0.11824588880187939,0.23893805309734517,0.3342281879194631,0.26739312657166814,0.4782608695652174,0.15003394433129671,0.5817875210792581,-0.3333333333333333,0.5283842794759825
2025-11-11,0.5454545454545455,0.5555555555555555,0.2631578947368421,0.17647058823529418,-0.15624999999999992,0.08247422680412372,0.16666666666666666,0.5882352941176472,,0.6666666666666666
2025-11-12,0.4444444444444445,0.803921568627451,0.7222222222222221,0.7058823529411765,0.6619217081850534,0.26439232409381663,0.24657534246575344,0.6153846153846154,-1.0,0.14893617021276598
2025-11-13,1.0,0.7430406852248393,0.6280991735537191,0.5754716981132075,0.6567505720823799,0.14285714285714285,0.375,0.7289156626506024,,0.6
2025-11-14,0.0,0.7027027027027027,-0.18181818181818177,0.4583333333333334,0.4400000000000001,0.380952380952381,-0.16666666666666666,0.6216216216216216,1.0,-0.039999999999999994
2025-11-17,0.2592592592592592,0.5922213311948675,0.39375000000000004,0.7929687500000001,0.5780780780780781,0.5955299206921413,0.358974358974359,0.6919431279620853,0.4137931034482758,0.46961325966850825
2025-11-18,,0.32773109243697474,0.42028985507246375,0.8854961832061069,0.511400651465798,1.0,0.5,0.8076923076923077,0.5,0.21052631578947367
2025-11-19,0.8620689655172414,0.30335861321776814,0.8513513513513514,0.309126594700687,0.853658536585366,0.4460176991150443,0.0,0.7241379310344828,,0.17796610169491528
2025-11-20,-0.3333333333333333,0.625,0.4338235294117647,0.1111111111111111,0.15942028985507248,-0.15887850467289716,0.0,0.8461538461538463,,0.7187499999999999
2025-11-21,1.0,1.0,0.582089552238806,0.7941176470588235,0.36363636363636354,0.7383177570093458,0.47761194029850745,0.06666666666666667,,0.4096385542168675
2025-11-24,-0.16867469879518074,0.6471111111111112,0.4281345565749236,0.40287769784172667,0.7194860813704497,0.568019093078759,0.16216216216216217,0.6206896551724138,0.0,0.32122370936902483
2025-11-25,0.1111111111111111,0.4977375565610859,0.5714285714285715,0.6435643564356435,0.704225352112676,0.1632047477744807,0.14285714285714282,0.2873563218390805,0.6666666666666666,0.5
2025-11-26,-0.17322834645669288,0.5444287729196051,0.22641509433962265,-0.2207792207792208,0.5250544662309368,0.65,-0.1,0.6313932980599648,1.0,0.6862745098039217
2025-11-27,1.0,0.09909909909909911,1.0,0.411764705882353,1.0,0.32584269662921345,0.3181818181818181,0.6825396825396826,1.0,0.0
2025-11-28,0.8,0.5714285714285714,0.6000000000000001,0.3076923076923077,0.27272727272727276,0.0,0.6923076923076924,0.38095238095238093,,0.17543859649122806
2025-12-01,0.6039603960396038,0.5227062094531975,1.0,0.7098214285714286,0.12563667232597622,0.7058823529411765,0.3859649122807018,0.5278969957081545,0.5,0.5697674418604651
2025-12-02,0.5555555555555556,0.7232704402515723,0.5384615384615384,0.49668874172185434,0.5932203389830509,0.5277777777777778,0.6470588235294118,0.9459459459459459,0.3333333333333333,0.0
2025-12-03,0.7,0.9085365853658537,-0.3636363636363637,0.4339622641509433,0.37711864406779655,0.7165354330708662,0.14285714285714288,0.8064516129032258,1.0,0.3684210526315789
2025-12-04,1.0,0.6145610278372591,0.0,0.84251968503937,0.8684210526315791,0.44099378881987583,,0.7647058823529411,,0.7142857142857143
2025-12-05,0.6000000000000001,0.8449612403100776,1.0,1.0,0.574468085106383,0.4620253164556963,-0.5,1.0,,0.4117647058823529
2025-12-08,-0.26315789473684215,0.538135593220339,0.8571428571428571,0.6307692307692309,0.39325842696629215,0.5595238095238096,0.0,0.5507246376811594,0.0,0.5952380952380953
2025-12-09,0.625,0.7792452830188679,-0.029661016949152557,0.8945686900958467,0.56,0.27999999999999997,0.875,0.899441340782123,,1.0
2025-12-10,-0.17391304347826084,0.3939393939393939,1.6653345369377353e-16,0.42424242424242425,0.37931034482758624,0.25,0.5000000000000001,0.7283950617283951,-0.5,-0.14285714285714282
2025-12-11,0.2621359223300971,0.684981684981685,0.8045112781954886,0.5384615384615384,0.03825136612021857,0.5238095238095238,0.0,0.7391304347826086,0.0,-0.06666666666666667
2025-12-12,-1.0,0.1864406779661017,0.8750000000000001,0.041666666666666685,-0.34306569343065696,0.6363636363636365,0.4285714285714286,0.49171270718232046,,0.0
2025-12-15,-0.3162393162393163,0.20759837177747628,0.12840466926070043,2.3790493384824785e-17,0.45695364238410596,0.3235294117647059,0.14285714285714288,0.6691729323308271,,0.39682539682539675
2025-12-16,0.0,-0.21881838074398252,0.12658227848101264,0.0,0.06369426751592352,0.794701986754967,0.21052631578947364,0.6060606060606061,1.0,0.48275862068965514
2025-12-17,1.0,0.5895765472312704,-0.12000000000000002,0.5291479820627802,0.23636363636363633,0.8643702906350915,1.0,1.0,,0.4666666666666667
2025-12-18,0.0,0.5428571428571428,0.0,0.38709677419354843,0.6,0.5689655172413792,-0.14285714285714285,0.6829268292682927,1.0,0.5217391304347826
2025-12-19,0.0,0.6184971098265896,-0.09523809523809522,0.6666666666666666,0.2698412698412698,0.5566037735849056,-0.6666666666666667,0.9642857142857144,1.0,0.7333333333333333
2025-12-22,0.4,0.7073170731707317,0.5625,0.4166666666666667,1.0,0.5058823529411764,0.3225806451612903,0.6962025316455696,0.14285714285714288,0.55
2025-12-23,0.42857142857142855,0.5294117647058824,0.7413793103448276,0.26829268292682923,0.3478260869565218,0.6273291925465838,0.7,0.7619047619047619,0.0,0.5
2025-12-24,0.30000000000000004,0.5161290322580645,1.0,0.4736842105263158,0.2641509433962264,0.6060606060606061,0.3404255319148936,0.5135135135135135,0.5,0.2666666666666667
2025-12-25,1.0,0.5,0.6666666666666666,0.8888888888888888,0.5,0.43478260869565216,0.0,0.058823529411764705,,0.6666666666666666
2025-12-26,0.25,-0.16666666666666669,0.6666666666666667,0.6831683168316832,0.6000000000000001,0.4285714285714286,0.0,0.7142857142857143,,0.3333333333333333
2025-12-29,0.7777777777777778,0.4599807135969142,0.53125,0.6694214876033059,-0.2,0.42643391521197005,0.1111111111111111,0.3942857142857143,0.14285714285714285,0.30313588850174217
2025-12-30,0.5862068965517241,1.0,0.23076923076923078,1.0,0.5,,1.0,1.0,1.0,0.64
2025-12-31,1.0,0.7773654916512058,1.0,-0.016949152542372895,0.3571428571428571,0.5588235294117646,0.18367346938775508,0.6428571428571429,1.0,0.8148148148148149
2026-01-05,0.9166666666666666,0.5187165775401069,0.7060133630289532,0.26282051282051283,0.28255528255528256,0.31513083048919227,0.7798165137614679,0.8144329896907219,0.3333333333333333,0.6206896551724138
2026-01-06,0.0,0.3128491620111732,0.1891891891891892,0.0,0.48275862068965525,0.3333333333333333,-0.5283018867924528,0.417910447761194,1.0,0.125
2026-01-07,0.3333333333333333,0.20634920634920634,1.0,0.12087912087912088,0.5737704918032787,0.6296296296296297,0.3103448275862069,0.6363636363636364,1.0,0.6190476190476191
2026-01-08,0.4795539033457249,0.4636015325670497,1.0,0.5424836601307189,-0.2954545454545455,1.0,0.8425787106446776,0.42857142857142855,1.0,0.6227544910179641
2026-01-09,0.456,0.4285714285714286,0.75,0.20689655172413798,-0.379746835443038,0.6153846153846154,-0.13846153846153847,0.30000000000000004,1.0,0.32432432432432434
2026-01-12,0.6557377049180327,0.7708333333333334,1.0,0.7540983606557378,0.13669064748201437,0.295774647887324,0.2894736842105263,0.5058823529411764,0.4285714285714286,0.35802469135802467
2026-01-13,1.0,0.7935103244837758,0.727979274611399,1.0,0.19230769230769224,0.6096654275092935,0.36363636363636365,0.8076923076923077,,0.0
2026-01-14,0.7679558011049724,0.5841584158415841,1.0,1.0,0.5483870967741936,0.27586206896551724,1.0,0.6074766355140186,,1.0
2026-01-15,0.3675213675213676,0.3824884792626728,-1.0,0.7796610169491525,0.3908872901678658,0.4096385542168675,0.075,0.7469879518072289,,0.5116279069767442
2026-01-16,0.11111111111111116,0.5686274509803922,0.38461538461538464,0.7821782178217822,0.09890109890109892,0.6363636363636365,-0.25,-0.1911764705882353,,0.0
2026-01-19,0.8487394957983193,0.5065653075328266,0.9076923076923077,0.7886178861788619,0.7286432160804021,0.7833456153279293,0.5638126009693053,0.7109826589595376,1.0,0.4725274725274725
2026-01-20,0.8333333333333334,0.6521739130434783,0.14285714285714282,1.0,1.0,0.8181818181818182,0.23809523809523808,1.0,,0.625
2026-01-21,0.6521739130434783,1.0,0.75,0.7714285714285715,0.7142857142857143,0.38709677419354843,-0.07692307692307693,0.9473684210526316,,0.31578947368421056
2026-01-22,0.41176470588235303,-0.16279069767441853,0.7142857142857144,0.7142857142857144,-0.28,0.42857142857142855,0.09090909090909097,0.17073170731707318,,-0.062499999999999986
2026-01-23,0.7241379310344828,0.4634146341463415,-0.3333333333333333,0.054852320675105495,0.16666666666666669,0.37614678899082565,-0.14285714285714282,0.4473684210526316,1.0,0.375
2026-01-26,-0.024390243902439,0.27764127764127766,0.6190476190476192,0.6666666666666667,0.15727002967359055,0.4081632653061225,-0.2511013215859031,0.5953307392996109,0.0,0.5045871559633028
2026-01-27,-0.28571428571428575,-0.14893617021276595,-1.0,0.627906976744186,-0.03225806451612906,0.6666666666666666,-0.5454545454545454,0.6113744075829384,,0.16666666666666669
2026-01-28,-1.0,0.0547945205479452,-0.5000000000000001,-0.05405405405405403,0.4807692307692307,0.5423728813559322,0.4000000000000002,0.5909090909090909,,0.6666666666666666
2026-01-29,-1.0,-0.0769230769230769,0.09090909090909091,-1.0,0.09090909090909095,0.6,0.7142857142857144,0.5789473684210527,,
2026-01-30,0.7547169811320755,0.6324110671936759,0.7547169811320755,0.47058823529411764,0.0,0.4624277456647399,0.0,0.64,,1.0
2026-02-02,0.08108108108108109,0.5853658536585367,0.8125,0.30434782608695654,0.4186046511627907,0.5575221238938054,0.03448275862068968,0.5522388059701492,1.0,0.625
2026-02-03,0.7522123893805309,0.46125461254612543,0.29807692307692313,0.28571428571428575,-0.07352941176470588,0.14832535885167467,0.04145077720207255,0.7999999999999999,,0.5375000000000001
2026-02-04,0.3157894736842105,0.42172523961661335,0.4948453608247423,0.7636363636363638,0.25531914893617025,0.42045454545454547,0.06249999999999997,0.23880597014925378,,0.3230769230769231
2026-02-05,-0.1111111111111111,0.30973451327433627,-0.4482758620689656,-0.05882352941176474,-0.2068965517241379,0.1603053435114504,-0.13043478260869565,0.2631578947368421,0.4,0.5609756097560976
2026-02-06,-0.28571428571428564,0.19047619047619052,0.20000000000000018,-0.24999999999999992,-0.24999999999999994,-0.14285714285714282,-0.15999999999999995,0.6800000000000002,1.0,0.23529411764705882
2026-02-09,-0.7272727272727272,0.30909090909090914,-1.0,0.5740740740740741,0.02439024390243906,0.4683544303797469,0.25000000000000006,0.3770491803278689,0.0,0.3461538461538462
2026-02-10,-0.25,0.8461538461538461,0.5,0.0,0.4705882352941177,0.09302325581395347,0.0,0.3333333333333333,,1.0
2026-02-11,-0.44776119402985076,0.8522727272727272,0.0,0.25531914893617025,0.0,0.0,-0.29411764705882354,0.5538461538461539,,0.7272727272727273
2026-02-12,1.0,1.0,0.7610921501706486,1.0,1.0,0.7286821705426356,0.6363636363636364,0.44,1.0,1.0
2026-02-13,1.0,0.7024793388429752,1.0,1.0,-0.5517241379310345,0.2702702702702703,0.4193548387096774,0.3639575971731449,0.0,0.06896551724137931
2026-02-23,0.5692307692307691,0.352165725047081,0.7185929648241206,0.726027397260274,0.3850415512465374,0.18399999999999997,0.5364238410596027,0.6024539877300614,0.8524590163934426,0.6126126126126128
2026-02-24,0.09090909090909083,0.41176470588235287,1.0,-0.11111111111111122,-0.12500000000000003,0.6491228070175438,0.702970297029703,0.8064516129032258,0.0,0.0
2026-02-25,1.0,0.8571428571428572,-0.030303030303030276,0.27272727272727276,0.0,0.393939393939394,0.46153846153846156,0.4482758620689655,1.0,0.2
2026-02-26,0.5789473684210527,0.3274336283185841,0.5789473684210527,-0.21052631578947364,0.0,0.5000000000000001,-0.09909909909909907,0.5576923076923078,0.0,0.2222222222222222
2026-02-27,0.5602094240837696,0.5730622617534943,0.5781544256120527,0.30218068535825543,1.0,0.45383615084525347,0.02412868632707773,0.45605920444033304,1.0,0.627906976744186
2026-03-02,0.49885658281607315,0.3037341203644296,0.42765029395031307,0.38664534186325467,0.3040450040182159,0.2984869325997249,0.19863628207428674,0.22025541146886246,,0.4177215189873418
2026-03-03,-1.0,0.7500000000000001,0.07753705815279367,,-0.8,0.08247422680412374,-0.12499999999999994,0.032621731830175124,,-0.16382252559726962
2026-03-04,0.5081967213114755,0.7746478873239435,0.625,0.6153846153846155,0.576923076923077,-1.0,-0.6216216216216216,0.010781671159029664,0.3333333333333333,0.6037735849056604
2026-03-05,0.0,0.435483870967742,0.0,0.6818181818181819,0.0,0.5,0.09677419354838711,0.35714285714285715,,0.875
2026-03-06,,0.3043478260869565,0.8947368421052633,-0.1549295774647887,-0.11764705882352942,0.2878787878787879,-0.3253968253968254,-0.35135135135135137,,0.0
2026-03-09,0.24999999999999994,-0.05,0.30801687763713087,0.06164383561643836,0.2,-0.17061611374407587,-0.0314358538657604,0.0076335877862595556,1.0,0.05084745762711865
2026-03-10,0.7142857142857144,-1.0,0.7319587628865981,0.235294117647059,0.36744186046511634,-0.06435643564356434,-0.07204610951008646,-0.47079037800687284,,0.14285714285714285
2026-03-11,1.0,0.6917148362235067,0.764359351988218,1.0,0.5989974937343359,0.6869565217391305,0.36102236421725237,0.28,1.0,0.2
2026-03-12,1.0,0.6129032258064516,0.02222222222222219,1.0,0.5862068965517241,0.4230769230769231,0.3333333333333333,0.0,,0.6875
2026-03-13,-1.0,0.41361256544502617,0.04347826086956524,-0.5522388059701493,-0.12195121951219512,0.3829787234042554,-0.007352941176470586,0.6,0.6666666666666666,0.07692307692307693
2026-03-16,-0.09756097560975609,0.017730496453900717,0.2920353982300885,0.46153846153846145,0.3703703703703704,0.22033898305084748,0.014005602240896359,0.10803324099722993,,0.31578947368421056
2026-03-17,-0.2,0.5227817745803358,-0.09090909090909088,-0.4444444444444445,0.186046511627907,0.9444444444444444,0.04422604422604423,0.12500000000000003,,0.2857142857142857
2026-03-18,0.4067796610169492,0.9278350515463918,-0.8097560975609757,0.8727272727272728,-0.31250000000000006,0.6164383561643836,-0.18181818181818182,0.05084745762711863,0.0,-0.09090909090909091
2026-03-19,0.0,0.2985074626865672,-0.24000000000000005,0.0,0.3703703703703704,0.7333333333333333,0.0,0.2972027972027972,0.0,0.28571428571428575
2026-03-20,0.2857142857142858,-0.256198347107438,-0.8999999999999999,0.4705882352941177,-0.782608695652174,0.5625,-0.36363636363636365,0.7543859649122806,,0.5806451612903226
2026-03-23,-0.6129032258064516,0.1320754716981132,-0.11363636363636363,0.10638297872340426,0.8214285714285715,0.3137254901960785,0.4366197183098593,0.39130434782608703,1.0,0.23684210526315788
2026-03-24,0.09090909090909095,0.16022099447513816,-0.6666666666666666,0.6666666666666667,-0.12790697674418602,-0.4029850746268656,0.3333333333333333,-0.9173553719008265,0.6666666666666666,0.2682926829268293
2026-03-25,0.5947901591895803,0.05859750240153697,-0.15958034235229154,1.0,1.0,0.83273596176822,0.4837758112094394,0.1836734693877551,,0.21568627450980393
2026-03-26,-0.5656565656565656,1.0,0.2,1.0,0.29687499999999994,0.34186471663619744,0.8125,0.4812680115273776,0.3333333333333333,0.08333333333333333
2026-03-27,0.08011869436201785,0.8653001464128843,0.18750000000000003,0.6040438079191238,0.8780487804878049,0.33967935871743493,0.206896551724138,-0.13974231912784932,-1.0,0.3284671532846716
2026-03-30,0.25,0.6880415944540728,0.5126353790613718,0.7380952380952381,0.5913978494623655,0.5161290322580646,0.5502645502645502,0.4072948328267477,0.0,0.2953523238380809
2026-03-31,0.3043478260869566,0.37593984962406013,0.25179856115107924,0.2171837708830549,0.5050167224080268,0.41065830721003144,0.5110220440881764,0.09072781655034894,1.0,0.4150197628458498
2026-04-01,0.0,0.7874015748031497,0.4,0.8163265306122448,0.0,0.47619047619047616,0.0,-0.18348623853211007,,0.3333333333333333
2026-04-02,0.5,0.7241379310344828,1.0,-0.17647058823529413,0.3333333333333333,0.6666666666666666,0.0,0.6315789473684211,,0.0
2026-04-03,-0.04545454545454545,0.042372881355932215,-0.3333333333333333,0.4,0.2580645161290323,0.5789473684210527,0.3333333333333333,0.6060606060606061,,0.4
2026-04-06,-0.5625,0.40988372093023256,-0.041769041769041754,0.9166666666666666,-0.15322580645161288,0.14155251141552513,0.5975609756097562,0.17169373549883987,,0.3230769230769231
2026-04-07,-0.3260869565217391,0.605095541401274,0.6060606060606061,0.6500000000000001,0.6551724137931035,-0.06631299734748013,0.1923076923076923,0.10385756676557863,,0.1724137931034483
2026-04-08,1.0,0.33756345177664976,0.36538461538461536,0.9189189189189189,0.5416666666666667,0.3313253012048193,0.6666666666666666,0.6590909090909091,1.0,0.25
2026-04-09,0.463276836158192,-0.03174603174603177,0.39226519337016574,0.6783625730994152,0.3529411764705882,0.4363636363636364,0.7272727272727273,0.0449438202247191,,0.21428571428571427
2026-04-10,0.15662650602409642,0.12820512820512822,-0.34412955465587036,0.38461538461538464,0.46961325966850825,0.3167420814479638,0.40740740740740744,0.12,0.0,0.0
2026-04-13,0.1855203619909502,0.32017543859649117,0.8678414096916299,0.47368421052631576,0.45312499999999994,0.5961995249406176,0.38547486033519557,0.7024793388429753,0.2142857142857143,0.5844155844155845
2026-04-14,0.3243243243243244,0.7674418604651164,0.3307086614173228,0.5833333333333334,1.0,0.0,0.5,0.6923076923076922,1.0,0.4137931034482759
2026-04-15,0.3333333333333333,0.8701298701298701,0.7709923664122138,0.6511627906976744,0.6875,0.3859649122807018,0.4,0.0,,-0.3636363636363637
2026-04-16,0.6052631578947368,0.6011816838995568,1.0,0.7695852534562213,0.540983606557377,0.35779816513761464,0.14285714285714285,0.5882352941176471,,0.6000000000000001
2026-04-17,1.0,0.5544959128065394,0.42424242424242425,0.7198952879581152,0.9365079365079366,0.27272727272727276,0.0,0.4311377245508982,0.0,0.2068965517241379
2026-04-20,0.28,0.4162257495590829,0.3684210526315789,0.922077922077922,0.380952380952381,0.4236983842010772,0.11602209944751381,0.6557377049180328,0.5,0.2
2026-04-21,0.5833333333333333,0.4661921708185054,0.8684210526315791,0.26829268292682923,0.6120689655172412,0.5774647887323944,0.0,0.9393939393939393,0.0,0.4
2026-04-22,-1.0,0.6592592592592593,0.7551622418879056,-0.4067796610169491,-0.8011363636363636,0.6639344262295083,0.0,-0.04109589041095889,0.0,0.0
2026-04-23,0.42857142857142855,0.9455834451044262,-0.3148425787106447,0.8974358974358976,0.035246727089627394,0.48837209302325585,0.1044776119402985,0.7065217391304348,0.5555555555555556,0.04783599088838269
2026-04-24,0.0,0.7567567567567568,1.0,0.7368421052631579,0.6315789473684211,0.375,,0.3076923076923077,1.0,0.09375
2026-04-28,0.4822546972860125,0.7148135707087672,0.7660377358490565,0.5444879686625629,0.35808057944771393,0.437088170693442,0.4516129032258065,0.4246575342465753,0.0,0.3898305084745763
2026-04-29,0.8,0.46022031823745413,0.4166666666666667,0.6956521739130436,0.38461538461538464,0.37,-0.057361376673040164,0.776595744680851,1.0,0.05769230769230767
2026-05-04,0.40669856459330145,0.025715672003881616,0.4406130268199234,0.6230661040787623,0.4992614475627769,0.4254742547425474,0.574074074074074,0.27492447129909364,0.875,0.4488188976377953
2026-05-05,-1.0,0.39726027397260283,-0.3430656934306569,0.6822429906542057,0.4516129032258064,0.10169491525423728,-0.019230769230769214,0.7010309278350516,0.5,0.13013698630136986
2026-05-06,0.28832116788321166,0.607603197911568,-0.028381865093991914,0.6691176470588236,0.599133261105092,0.07713498622589532,-0.250996015936255,0.6217765042979941,,0.1358024691358024
2026-05-07,0.31818181818181823,0.5890005913660556,0.4544544544544545,0.291527931927488,0.42612137203166234,0.24272323630981743,0.2736356648731745,0.3375959079283887,,0.1183098591549296
2026-05-08,0.32799999999999996,0.6003045298819947,0.09189189189189186,0.33920704845814975,-0.014983083615273118,0.6425531914893617,0.1384615384615384,0.40892641737032565,,0.5081967213114754
2026-05-11,0.6569872958257713,0.5349961822346653,0.25505595915963086,0.3886595698457528,0.4119241192411924,0.35669155657668006,0.7169811320754718,0.4264705882352941,0.29508196721311475,0.3631656804733728
2026-05-12,0.6666666666666666,0.4444444444444444,0.20000000000000004,-0.2,0.6451612903225807,-0.25,0.169811320754717,0.4117647058823529,0.75,0.5454545454545455
2026-05-13,0.8641975308641976,0.4965893587994544,0.7459016393442622,0.16780821917808217,0.7112299465240641,0.8149253731343283,0.5899772209567198,0.07407407407407407,0.5,0.5428571428571428
2026-05-14,0.5,0.6224188790560473,0.6666666666666666,0.16279069767441862,0.31979695431472077,0.5867158671586715,-0.16666666666666666,0.13043478260869565,0.5,0.36
2026-05-15,0.6666666666666666,0.8840579710144928,0.75,0.4468085106382979,0.7551020408163265,0.08695652173913043,0.5454545454545455,0.5555555555555556,1.0,0.20512820512820512
2026-05-18,0.46511627906976744,0.7574059247397918,0.48008611410118407,0.21323529411764705,0.492842535787321,0.4451612903225806,0.13815789473684212,0.4233576642335766,-0.75,-0.281437125748503
2026-05-19,0.627906976744186,0.5313351498637603,0.4285714285714286,0.4829931972789115,0.44347826086956527,0.48717948717948717,0.024390243902439025,0.6818181818181819,0.3333333333333333,0.6529680365296804
2026-05-20,0.32492113564668773,0.09031198686371104,-0.7352941176470588,0.8574610244988864,0.5942028985507246,0.6216216216216215,0.08561643835616435,0.4915254237288135,0.0,0.5652173913043479
2026-05-21,0.5481386392811296,0.6670057646659886,-0.1434426229508197,0.21017514595496245,0.2945891783567134,0.5233644859813085,0.03311258278145694,0.8342541436464088,1.0,-0.027131782945736448
2026-05-22,-0.29411764705882354,0.5717884130982368,0.2592592592592593,0.24528301886792458,0.21052631578947364,0.7416974169741698,0.3076923076923077,0.8292220113851992,0.0,0.20814479638009048
2026-05-25,0.22858955381687462,0.42012999803033285,0.3323933732816356,0.8194476676723136,0.15068493150684936,0.3570515551768215,0.4117647058823529,0.6000000000000001,0.125,-0.24645892351274784
2026-05-26,0.38461538461538464,0.5750000000000001,0.5576923076923078,-0.052631578947368404,0.5000000000000001,0.6716417910447761,0.19354838709677422,0.43283582089552247,,0.0
2026-05-27,0.0,0.31250000000000006,0.16587677725118485,0.7692307692307692,0.3693181818181818,0.6379310344827587,0.5384615384615384,0.10526315789473685,0.0,0.625
2026-05-28,0.6470588235294118,0.5841584158415842,0.32653061224489793,0.34453781512605036,0.6470588235294118,0.810344827586207,1.0,0.2962962962962963,1.0,0.47619047619047616
2026-05-29,-0.23611111111111108,0.08880778588807785,0.027874564459930307,0.4237288135593221,0.16984402079722702,0.30120481927710846,0.2,0.674757281553398,1.0,0.18181818181818182
2026-06-01,-0.19429304264187236,0.39231494982417014,0.5175748997405049,0.6886886886886887,0.8387759293489423,0.3956215793588741,0.06574394463667821,0.5121107266435986,-0.46153846153846156,0.326923076923077
2026-06-02,-0.10313901345291479,-0.024390243902439022,0.639344262295082,0.24069478908188585,0.5319148936170213,0.3114754098360656,0.5778251599147121,0.35714285714285715,1.0,0.6878612716763005
2026-06-03,0.5686274509803922,0.553784860557769,-0.06976744186046507,0.3636363636363637,0.44155844155844154,0.14388489208633093,0.6176470588235294,0.38383838383838387,1.0,0.21621621621621623
2026-06-04,0.26315789473684215,0.41052631578947374,0.7073170731707318,0.36585365853658536,0.6578947368421053,0.589041095890411,0.20689655172413796,3.700743415417188e-17,1.0,0.016393442622950807
2026-06-05,0.1044776119402985,0.5312916111850866,0.6896551724137931,0.5119711380780585,0.4146341463414634,0.4171256885327992,0.6347381864623243,0.48225469728601245,1.0,0.4117647058823529
2026-06-08,-0.34246575342465746,0.46334012219959264,0.6526548672566372,0.6756756756756758,0.39509536784741145,0.2254791431792559,-0.09756097560975611,0.48484848484848486,0.9130434782608696,0.6827309236947791
2026-06-09,-1.0,0.16089613034623218,0.6901408450704226,0.38121546961325964,-0.18181818181818182,-0.04214559386973179,0.0,0.5833333333333334,0.6666666666666666,-0.1794871794871795
2026-06-10,0.5454545454545455,0.336,0.7058823529411765,-0.13333333333333333,0.4313725490196078,0.3076923076923077,-0.25,0.5777777777777777,,0.030769230769230767
2026-06-11,0.12499999999999994,0.5483870967741936,0.43089430894308944,-0.030674846625766878,-0.018987341772151913,0.42578125,0.7209302325581396,0.576882290562036,1.0,0.5289256198347108
2026-06-12,0.6415094339622641,0.12844036697247713,0.6666666666666667,0.6888888888888889,-0.16666666666666666,0.07608695652173915,0.30612244897959184,0.11111111111111113,-0.2,0.42857142857142855
2026-06-15,0.0,0.3868225292242295,0.18363273453093812,0.18736616702355463,0.3899456521739131,0.2362093352192362,0.013157894736842103,0.4043624161073826,0.0,-0.060752169720347166
2026-06-16,0.5774647887323945,0.8245614035087719,0.8952879581151832,0.8421052631578947,0.3043478260869565,0.43396226415094336,0.16666666666666669,0.7588424437299035,,0.6923076923076923
2026-06-17,-0.030358785648574083,0.5778045838359469,0.06623735050597974,0.6666666666666666,0.4972375690607735,0.3341260404280618,0.02777777777777777,0.6365524402907582,-1.0,0.38888888888888884
2026-06-18,0.2857142857142858,0.3798882681564247,-0.36363636363636354,0.4943820224719102,0.6190476190476192,0.11666666666666667,0.7727272727272728,0.5801526717557253,0.5,0.4230769230769231
2026-06-19,1.0,0.3455497382198953,0.9090909090909091,0.5652173913043478,0.21100917431192662,0.39805825242718446,0.5930232558139534,0.3006993006993007,0.5,0.6571428571428571
