source_sector,target_sector,source_variable,target_variable,lag,n_obs,f_stat,p_value,df_denom,df_num,status,error_message
Banking,RealEstate,sent_Banking,sent_RealEstate,1,271,0.06475829220325972,0.7993233326055673,267.0,1,ok,
Banking,RealEstate,sent_Banking,sent_RealEstate,2,271,0.24521592979217366,0.7827135839297837,264.0,2,ok,
Banking,RealEstate,sent_Banking,sent_RealEstate,3,271,1.416007594118204,0.2384812053747858,261.0,3,ok,
Banking,RealEstate,sent_Banking,sent_RealEstate,4,271,1.227527290532014,0.2995402773760744,258.0,4,ok,
Banking,RealEstate,sent_Banking,sent_RealEstate,5,271,1.4868491294995196,0.19448854560540782,255.0,5,ok,
Banking,SteelMaterials,sent_Banking,sent_SteelMaterials,1,271,0.18678033865624002,0.6659587580440292,267.0,1,ok,
Banking,SteelMaterials,sent_Banking,sent_SteelMaterials,2,271,0.10222587393333699,0.9028613234216513,264.0,2,ok,
Banking,SteelMaterials,sent_Banking,sent_SteelMaterials,3,271,0.027243804413068236,0.9939200118509048,261.0,3,ok,
Banking,SteelMaterials,sent_Banking,sent_SteelMaterials,4,271,0.13229722926045132,0.9704451827915963,258.0,4,ok,
Banking,SteelMaterials,sent_Banking,sent_SteelMaterials,5,271,0.17298250180251662,0.9724589991388815,255.0,5,ok,
Banking,Technology,sent_Banking,sent_Technology,1,271,6.113683779402525,0.014037256283645832,267.0,1,ok,
Banking,Technology,sent_Banking,sent_Technology,2,271,3.135390560252828,0.045106337759696774,264.0,2,ok,
Banking,Technology,sent_Banking,sent_Technology,3,271,3.400109906610724,0.01835373269966963,261.0,3,ok,
Banking,Technology,sent_Banking,sent_Technology,4,271,2.578564599548674,0.03793700207989793,258.0,4,ok,
Banking,Technology,sent_Banking,sent_Technology,5,271,2.0420106530945428,0.07328950953959663,255.0,5,ok,
Banking,ConsumerStaples,sent_Banking,sent_ConsumerStaples,1,271,0.5435036285217834,0.46163167065002586,267.0,1,ok,
Banking,ConsumerStaples,sent_Banking,sent_ConsumerStaples,2,271,0.49290545823666565,0.6114100354732597,264.0,2,ok,
Banking,ConsumerStaples,sent_Banking,sent_ConsumerStaples,3,271,0.6769064918957907,0.5668780488267045,261.0,3,ok,
Banking,ConsumerStaples,sent_Banking,sent_ConsumerStaples,4,271,0.9374045855083704,0.44276510756475096,258.0,4,ok,
Banking,ConsumerStaples,sent_Banking,sent_ConsumerStaples,5,271,1.3849539777357152,0.23030257287227407,255.0,5,ok,
Banking,ConsumerDiscretionary,sent_Banking,sent_ConsumerDiscretionary,1,271,0.20717089667453012,0.6493638108568149,267.0,1,ok,
Banking,ConsumerDiscretionary,sent_Banking,sent_ConsumerDiscretionary,2,271,0.2287693563594695,0.7956695282261858,264.0,2,ok,
Banking,ConsumerDiscretionary,sent_Banking,sent_ConsumerDiscretionary,3,271,0.22395605886329747,0.879701907775829,261.0,3,ok,
Banking,ConsumerDiscretionary,sent_Banking,sent_ConsumerDiscretionary,4,271,0.9790235374892655,0.419474459445902,258.0,4,ok,
Banking,ConsumerDiscretionary,sent_Banking,sent_ConsumerDiscretionary,5,271,1.026483381607318,0.40245791148003,255.0,5,ok,
Banking,Energy,sent_Banking,sent_Energy,1,271,0.12171267877175905,0.7274592803793958,267.0,1,ok,
Banking,Energy,sent_Banking,sent_Energy,2,271,0.5813784082627959,0.5598413444198116,264.0,2,ok,
Banking,Energy,sent_Banking,sent_Energy,3,271,1.5430464062424305,0.20377123598341226,261.0,3,ok,
Banking,Energy,sent_Banking,sent_Energy,4,271,1.6711906206420584,0.1570764628179328,258.0,4,ok,
Banking,Energy,sent_Banking,sent_Energy,5,271,1.0985525185160563,0.3616577127681811,255.0,5,ok,
Banking,IndustrialLogistics,sent_Banking,sent_IndustrialLogistics,1,271,0.24010691304797693,0.624531291953377,267.0,1,ok,
Banking,IndustrialLogistics,sent_Banking,sent_IndustrialLogistics,2,271,0.800735769157617,0.4500858921556515,264.0,2,ok,
Banking,IndustrialLogistics,sent_Banking,sent_IndustrialLogistics,3,271,0.2525380113999997,0.8594929487617005,261.0,3,ok,
Banking,IndustrialLogistics,sent_Banking,sent_IndustrialLogistics,4,271,0.7050870132023133,0.5890937202363047,258.0,4,ok,
Banking,IndustrialLogistics,sent_Banking,sent_IndustrialLogistics,5,271,0.7027001371841254,0.6218792837777615,255.0,5,ok,
Banking,Healthcare,sent_Banking,sent_Healthcare,1,271,0.12681880194197295,0.722034711572518,267.0,1,ok,
Banking,Healthcare,sent_Banking,sent_Healthcare,2,271,0.06094050722771922,0.9408924451971208,264.0,2,ok,
Banking,Healthcare,sent_Banking,sent_Healthcare,3,271,0.6529823987359731,0.5817228241375887,261.0,3,ok,
Banking,Healthcare,sent_Banking,sent_Healthcare,4,271,0.7671587614404746,0.5474512267856022,258.0,4,ok,
Banking,Healthcare,sent_Banking,sent_Healthcare,5,271,0.5989970845815212,0.7007579931636139,255.0,5,ok,
Banking,Utilities,sent_Banking,sent_Utilities,1,271,0.04942710503088498,0.8242331335042219,267.0,1,ok,
Banking,Utilities,sent_Banking,sent_Utilities,2,271,0.20070998545773053,0.8182743992977584,264.0,2,ok,
Banking,Utilities,sent_Banking,sent_Utilities,3,271,0.310884913589811,0.8175127123146287,261.0,3,ok,
Banking,Utilities,sent_Banking,sent_Utilities,4,271,0.5273911171924907,0.7156991338928957,258.0,4,ok,
Banking,Utilities,sent_Banking,sent_Utilities,5,271,0.36187188322304087,0.8742957981018384,255.0,5,ok,
RealEstate,Banking,sent_RealEstate,sent_Banking,1,271,1.271051927093029,0.2605815678848267,267.0,1,ok,
RealEstate,Banking,sent_RealEstate,sent_Banking,2,271,0.5952961466967921,0.5521376875308449,264.0,2,ok,
RealEstate,Banking,sent_RealEstate,sent_Banking,3,271,0.5580345386455647,0.6431884080150594,261.0,3,ok,
RealEstate,Banking,sent_RealEstate,sent_Banking,4,271,0.46008247930278706,0.764993918957332,258.0,4,ok,
RealEstate,Banking,sent_RealEstate,sent_Banking,5,271,0.6557657899450637,0.6573604208339303,255.0,5,ok,
RealEstate,SteelMaterials,sent_RealEstate,sent_SteelMaterials,1,271,1.3196463725190288,0.2516836040902592,267.0,1,ok,
RealEstate,SteelMaterials,sent_RealEstate,sent_SteelMaterials,2,271,1.1221974225633755,0.3271115257569334,264.0,2,ok,
RealEstate,SteelMaterials,sent_RealEstate,sent_SteelMaterials,3,271,1.4943979958323883,0.21646519828179292,261.0,3,ok,
RealEstate,SteelMaterials,sent_RealEstate,sent_SteelMaterials,4,271,2.8869318133446433,0.022994329123588578,258.0,4,ok,
RealEstate,SteelMaterials,sent_RealEstate,sent_SteelMaterials,5,271,2.470378966761054,0.033015677454011357,255.0,5,ok,
RealEstate,Technology,sent_RealEstate,sent_Technology,1,271,0.4478968775665287,0.5039136675302147,267.0,1,ok,
RealEstate,Technology,sent_RealEstate,sent_Technology,2,271,0.14198937628175856,0.8676966875966501,264.0,2,ok,
RealEstate,Technology,sent_RealEstate,sent_Technology,3,271,0.2919000420566964,0.8312380091702387,261.0,3,ok,
RealEstate,Technology,sent_RealEstate,sent_Technology,4,271,0.2870883186816254,0.886221975629723,258.0,4,ok,
RealEstate,Technology,sent_RealEstate,sent_Technology,5,271,0.27240722907129217,0.9279552615868363,255.0,5,ok,
RealEstate,ConsumerStaples,sent_RealEstate,sent_ConsumerStaples,1,271,1.0212751248072118,0.3131316684398837,267.0,1,ok,
RealEstate,ConsumerStaples,sent_RealEstate,sent_ConsumerStaples,2,271,0.7245872088012547,0.4854855670976829,264.0,2,ok,
RealEstate,ConsumerStaples,sent_RealEstate,sent_ConsumerStaples,3,271,1.156457898720767,0.3268957360875994,261.0,3,ok,
RealEstate,ConsumerStaples,sent_RealEstate,sent_ConsumerStaples,4,271,0.8605762482320799,0.4881761710389968,258.0,4,ok,
RealEstate,ConsumerStaples,sent_RealEstate,sent_ConsumerStaples,5,271,1.3280540571377013,0.25265457639181543,255.0,5,ok,
RealEstate,ConsumerDiscretionary,sent_RealEstate,sent_ConsumerDiscretionary,1,271,1.8517178891356676,0.1747312389443028,267.0,1,ok,
RealEstate,ConsumerDiscretionary,sent_RealEstate,sent_ConsumerDiscretionary,2,271,1.0866497124775711,0.3388487782696728,264.0,2,ok,
RealEstate,ConsumerDiscretionary,sent_RealEstate,sent_ConsumerDiscretionary,3,271,0.7789873227961068,0.5066066055092473,261.0,3,ok,
RealEstate,ConsumerDiscretionary,sent_RealEstate,sent_ConsumerDiscretionary,4,271,0.677735724359249,0.6079513332559783,258.0,4,ok,
RealEstate,ConsumerDiscretionary,sent_RealEstate,sent_ConsumerDiscretionary,5,271,0.5600695806336482,0.730569250903548,255.0,5,ok,
RealEstate,Energy,sent_RealEstate,sent_Energy,1,271,0.2309341709927223,0.6312255256844698,267.0,1,ok,
RealEstate,Energy,sent_RealEstate,sent_Energy,2,271,1.333746041882184,0.26525784833173754,264.0,2,ok,
RealEstate,Energy,sent_RealEstate,sent_Energy,3,271,0.7784550182197992,0.5069078009237884,261.0,3,ok,
RealEstate,Energy,sent_RealEstate,sent_Energy,4,271,0.8812529928044227,0.47565017810652943,258.0,4,ok,
RealEstate,Energy,sent_RealEstate,sent_Energy,5,271,0.8041185311410167,0.5476021935490508,255.0,5,ok,
RealEstate,IndustrialLogistics,sent_RealEstate,sent_IndustrialLogistics,1,271,2.012146777519359,0.15721053862874504,267.0,1,ok,
RealEstate,IndustrialLogistics,sent_RealEstate,sent_IndustrialLogistics,2,271,1.4613285200101482,0.23379776595849167,264.0,2,ok,
RealEstate,IndustrialLogistics,sent_RealEstate,sent_IndustrialLogistics,3,271,1.8903158527414636,0.13158203546591982,261.0,3,ok,
RealEstate,IndustrialLogistics,sent_RealEstate,sent_IndustrialLogistics,4,271,2.0968133126269066,0.08165734474908638,258.0,4,ok,
RealEstate,IndustrialLogistics,sent_RealEstate,sent_IndustrialLogistics,5,271,1.5966470481338308,0.16144542634889514,255.0,5,ok,
RealEstate,Healthcare,sent_RealEstate,sent_Healthcare,1,271,0.3699574494366354,0.5435445168127855,267.0,1,ok,
RealEstate,Healthcare,sent_RealEstate,sent_Healthcare,2,271,0.30641662895656147,0.7363413109155146,264.0,2,ok,
RealEstate,Healthcare,sent_RealEstate,sent_Healthcare,3,271,1.9853131282799583,0.11656583784768208,261.0,3,ok,
RealEstate,Healthcare,sent_RealEstate,sent_Healthcare,4,271,1.3970383569721987,0.2353828004943028,258.0,4,ok,
RealEstate,Healthcare,sent_RealEstate,sent_Healthcare,5,271,1.4166979332375877,0.2185807943404671,255.0,5,ok,
RealEstate,Utilities,sent_RealEstate,sent_Utilities,1,271,0.017823657999897716,0.893894362753083,267.0,1,ok,
RealEstate,Utilities,sent_RealEstate,sent_Utilities,2,271,0.024561582520467116,0.9757398280897582,264.0,2,ok,
RealEstate,Utilities,sent_RealEstate,sent_Utilities,3,271,0.16664213701807765,0.918802787253453,261.0,3,ok,
RealEstate,Utilities,sent_RealEstate,sent_Utilities,4,271,0.39429191058975815,0.8126607154424894,258.0,4,ok,
RealEstate,Utilities,sent_RealEstate,sent_Utilities,5,271,0.46160549126741346,0.8046323206012279,255.0,5,ok,
SteelMaterials,Banking,sent_SteelMaterials,sent_Banking,1,271,0.004188786826218132,0.9484447014870765,267.0,1,ok,
SteelMaterials,Banking,sent_SteelMaterials,sent_Banking,2,271,3.119241689217296,0.04582353819382937,264.0,2,ok,
SteelMaterials,Banking,sent_SteelMaterials,sent_Banking,3,271,2.2096064599027594,0.08738244924034066,261.0,3,ok,
SteelMaterials,Banking,sent_SteelMaterials,sent_Banking,4,271,1.660562342410764,0.15960449167274787,258.0,4,ok,
SteelMaterials,Banking,sent_SteelMaterials,sent_Banking,5,271,1.548703606975849,0.175206128692805,255.0,5,ok,
SteelMaterials,RealEstate,sent_SteelMaterials,sent_RealEstate,1,271,0.01773456542913848,0.894158308831952,267.0,1,ok,
SteelMaterials,RealEstate,sent_SteelMaterials,sent_RealEstate,2,271,0.049756714000211956,0.9514697938342633,264.0,2,ok,
SteelMaterials,RealEstate,sent_SteelMaterials,sent_RealEstate,3,271,0.1781683568216643,0.9111420143292932,261.0,3,ok,
SteelMaterials,RealEstate,sent_SteelMaterials,sent_RealEstate,4,271,0.1404525286794546,0.9670458482142956,258.0,4,ok,
SteelMaterials,RealEstate,sent_SteelMaterials,sent_RealEstate,5,271,0.15251536089433212,0.9791567724828654,255.0,5,ok,
SteelMaterials,Technology,sent_SteelMaterials,sent_Technology,1,271,0.11319228237647198,0.7368029000964879,267.0,1,ok,
SteelMaterials,Technology,sent_SteelMaterials,sent_Technology,2,271,0.19940025980271323,0.8193451924801145,264.0,2,ok,
SteelMaterials,Technology,sent_SteelMaterials,sent_Technology,3,271,1.1404474414580807,0.3332126130806345,261.0,3,ok,
SteelMaterials,Technology,sent_SteelMaterials,sent_Technology,4,271,1.186425321833564,0.31716875751898344,258.0,4,ok,
SteelMaterials,Technology,sent_SteelMaterials,sent_Technology,5,271,1.1203848093107762,0.34992767408788517,255.0,5,ok,
SteelMaterials,ConsumerStaples,sent_SteelMaterials,sent_ConsumerStaples,1,271,0.2920031434268885,0.5893901793620987,267.0,1,ok,
SteelMaterials,ConsumerStaples,sent_SteelMaterials,sent_ConsumerStaples,2,271,0.21463592817714217,0.8069757869777701,264.0,2,ok,
SteelMaterials,ConsumerStaples,sent_SteelMaterials,sent_ConsumerStaples,3,271,0.4937562199523275,0.6869159640061351,261.0,3,ok,
SteelMaterials,ConsumerStaples,sent_SteelMaterials,sent_ConsumerStaples,4,271,0.3722915825678616,0.828300542595525,258.0,4,ok,
SteelMaterials,ConsumerStaples,sent_SteelMaterials,sent_ConsumerStaples,5,271,0.2692857408890833,0.9296223987631448,255.0,5,ok,
SteelMaterials,ConsumerDiscretionary,sent_SteelMaterials,sent_ConsumerDiscretionary,1,271,1.9160797142284884,0.16744533104946688,267.0,1,ok,
SteelMaterials,ConsumerDiscretionary,sent_SteelMaterials,sent_ConsumerDiscretionary,2,271,0.84408454539609,0.43110775327533385,264.0,2,ok,
SteelMaterials,ConsumerDiscretionary,sent_SteelMaterials,sent_ConsumerDiscretionary,3,271,0.6590222123324854,0.5779499285461107,261.0,3,ok,
SteelMaterials,ConsumerDiscretionary,sent_SteelMaterials,sent_ConsumerDiscretionary,4,271,0.7681645761666712,0.5467905652022673,258.0,4,ok,
SteelMaterials,ConsumerDiscretionary,sent_SteelMaterials,sent_ConsumerDiscretionary,5,271,0.6852700730553976,0.6349951371011362,255.0,5,ok,
SteelMaterials,Energy,sent_SteelMaterials,sent_Energy,1,271,0.20453492632556258,0.6514522291067992,267.0,1,ok,
SteelMaterials,Energy,sent_SteelMaterials,sent_Energy,2,271,0.1449299262579874,0.8651516917391153,264.0,2,ok,
SteelMaterials,Energy,sent_SteelMaterials,sent_Energy,3,271,0.25735005311491504,0.8560602086975599,261.0,3,ok,
SteelMaterials,Energy,sent_SteelMaterials,sent_Energy,4,271,2.747150220527151,0.02887547922294387,258.0,4,ok,
SteelMaterials,Energy,sent_SteelMaterials,sent_Energy,5,271,2.1974385827291782,0.055068253863006546,255.0,5,ok,
SteelMaterials,IndustrialLogistics,sent_SteelMaterials,sent_IndustrialLogistics,1,271,0.4981634248023196,0.4809235693163958,267.0,1,ok,
SteelMaterials,IndustrialLogistics,sent_SteelMaterials,sent_IndustrialLogistics,2,271,0.9223541293883237,0.39885929297032086,264.0,2,ok,
SteelMaterials,IndustrialLogistics,sent_SteelMaterials,sent_IndustrialLogistics,3,271,0.41273814946305887,0.7439895631004982,261.0,3,ok,
SteelMaterials,IndustrialLogistics,sent_SteelMaterials,sent_IndustrialLogistics,4,271,0.43623910281406636,0.7823810984911936,258.0,4,ok,
SteelMaterials,IndustrialLogistics,sent_SteelMaterials,sent_IndustrialLogistics,5,271,1.3403406560895947,0.24767914085113701,255.0,5,ok,
SteelMaterials,Healthcare,sent_SteelMaterials,sent_Healthcare,1,271,4.1746217870862,0.042015431163943656,267.0,1,ok,
SteelMaterials,Healthcare,sent_SteelMaterials,sent_Healthcare,2,271,2.5274766453485453,0.08179135994150447,264.0,2,ok,
SteelMaterials,Healthcare,sent_SteelMaterials,sent_Healthcare,3,271,2.5667107713137303,0.05496498449035139,261.0,3,ok,
SteelMaterials,Healthcare,sent_SteelMaterials,sent_Healthcare,4,271,3.5757725035299406,0.0073775349826046,258.0,4,ok,
SteelMaterials,Healthcare,sent_SteelMaterials,sent_Healthcare,5,271,2.9122897717617913,0.014133903970150574,255.0,5,ok,
SteelMaterials,Utilities,sent_SteelMaterials,sent_Utilities,1,271,0.04333772616577598,0.8352493590680357,267.0,1,ok,
SteelMaterials,Utilities,sent_SteelMaterials,sent_Utilities,2,271,0.039497812117947596,0.9612777365469726,264.0,2,ok,
SteelMaterials,Utilities,sent_SteelMaterials,sent_Utilities,3,271,0.0687944746032578,0.9765010940295349,261.0,3,ok,
SteelMaterials,Utilities,sent_SteelMaterials,sent_Utilities,4,271,0.19841120249482175,0.9390514907074475,258.0,4,ok,
SteelMaterials,Utilities,sent_SteelMaterials,sent_Utilities,5,271,0.5416657961270067,0.7446122943379856,255.0,5,ok,
Technology,Banking,sent_Technology,sent_Banking,1,271,0.7243026314807596,0.39549879291597817,267.0,1,ok,
Technology,Banking,sent_Technology,sent_Banking,2,271,0.4156191784792839,0.6603625786774328,264.0,2,ok,
Technology,Banking,sent_Technology,sent_Banking,3,271,0.35092848044074887,0.7885086005824997,261.0,3,ok,
Technology,Banking,sent_Technology,sent_Banking,4,271,0.45329650873857663,0.7699511209758503,258.0,4,ok,
Technology,Banking,sent_Technology,sent_Banking,5,271,0.3639836984505516,0.8729103013622211,255.0,5,ok,
Technology,RealEstate,sent_Technology,sent_RealEstate,1,271,2.1850459904105444,0.1405355802145278,267.0,1,ok,
Technology,RealEstate,sent_Technology,sent_RealEstate,2,271,1.634513149084634,0.1970148645908147,264.0,2,ok,
Technology,RealEstate,sent_Technology,sent_RealEstate,3,271,1.1336884716137163,0.3359117031968937,261.0,3,ok,
Technology,RealEstate,sent_Technology,sent_RealEstate,4,271,0.8718108150360558,0.48134275929351233,258.0,4,ok,
Technology,RealEstate,sent_Technology,sent_RealEstate,5,271,1.3164722381739071,0.2574210657438485,255.0,5,ok,
Technology,SteelMaterials,sent_Technology,sent_SteelMaterials,1,271,0.38646895457746655,0.5346917671073379,267.0,1,ok,
Technology,SteelMaterials,sent_Technology,sent_SteelMaterials,2,271,0.5127783373878272,0.5994246992616894,264.0,2,ok,
Technology,SteelMaterials,sent_Technology,sent_SteelMaterials,3,271,0.4899785014910867,0.6895329215381782,261.0,3,ok,
Technology,SteelMaterials,sent_Technology,sent_SteelMaterials,4,271,0.8362595241035057,0.5031885227942031,258.0,4,ok,
Technology,SteelMaterials,sent_Technology,sent_SteelMaterials,5,271,0.665232088610743,0.6501650079462906,255.0,5,ok,
Technology,ConsumerStaples,sent_Technology,sent_ConsumerStaples,1,271,1.051057009882967,0.30619169650691047,267.0,1,ok,
Technology,ConsumerStaples,sent_Technology,sent_ConsumerStaples,2,271,0.6203486128379836,0.5385389441117963,264.0,2,ok,
Technology,ConsumerStaples,sent_Technology,sent_ConsumerStaples,3,271,0.302073514682474,0.8238877292506628,261.0,3,ok,
Technology,ConsumerStaples,sent_Technology,sent_ConsumerStaples,4,271,1.3366301089444974,0.2567265048071785,258.0,4,ok,
Technology,ConsumerStaples,sent_Technology,sent_ConsumerStaples,5,271,3.0282934838059523,0.011275702111425116,255.0,5,ok,
Technology,ConsumerDiscretionary,sent_Technology,sent_ConsumerDiscretionary,1,271,0.00020042384878270146,0.9887152080361934,267.0,1,ok,
Technology,ConsumerDiscretionary,sent_Technology,sent_ConsumerDiscretionary,2,271,0.03987840378395992,0.9609120617890243,264.0,2,ok,
Technology,ConsumerDiscretionary,sent_Technology,sent_ConsumerDiscretionary,3,271,1.6721367081586385,0.17339304036912262,261.0,3,ok,
Technology,ConsumerDiscretionary,sent_Technology,sent_ConsumerDiscretionary,4,271,1.2818551188066627,0.2775142516532151,258.0,4,ok,
Technology,ConsumerDiscretionary,sent_Technology,sent_ConsumerDiscretionary,5,271,1.3758947822242587,0.23374471621250073,255.0,5,ok,
Technology,Energy,sent_Technology,sent_Energy,1,271,0.0025370423002666147,0.9598659506273148,267.0,1,ok,
Technology,Energy,sent_Technology,sent_Energy,2,271,0.13909700287355523,0.8702073464037875,264.0,2,ok,
Technology,Energy,sent_Technology,sent_Energy,3,271,0.2938382794478676,0.829838666491308,261.0,3,ok,
Technology,Energy,sent_Technology,sent_Energy,4,271,1.462389923018369,0.2140671880628507,258.0,4,ok,
Technology,Energy,sent_Technology,sent_Energy,5,271,1.2074265637429662,0.30605092118418503,255.0,5,ok,
Technology,IndustrialLogistics,sent_Technology,sent_IndustrialLogistics,1,271,0.6308791364696933,0.42773841393046086,267.0,1,ok,
Technology,IndustrialLogistics,sent_Technology,sent_IndustrialLogistics,2,271,1.012743387313907,0.36462782236394203,264.0,2,ok,
Technology,IndustrialLogistics,sent_Technology,sent_IndustrialLogistics,3,271,1.2094174395480217,0.3067546791780751,261.0,3,ok,
Technology,IndustrialLogistics,sent_Technology,sent_IndustrialLogistics,4,271,1.0370796708341592,0.3885382243518679,258.0,4,ok,
Technology,IndustrialLogistics,sent_Technology,sent_IndustrialLogistics,5,271,0.6874066106014735,0.6333831620507003,255.0,5,ok,
Technology,Healthcare,sent_Technology,sent_Healthcare,1,271,0.21641213326880138,0.6421665832313562,267.0,1,ok,
Technology,Healthcare,sent_Technology,sent_Healthcare,2,271,0.5342423658624618,0.5867454745423276,264.0,2,ok,
Technology,Healthcare,sent_Technology,sent_Healthcare,3,271,0.9008917527494431,0.441262163574461,261.0,3,ok,
Technology,Healthcare,sent_Technology,sent_Healthcare,4,271,3.388893109315724,0.010062553401278698,258.0,4,ok,
Technology,Healthcare,sent_Technology,sent_Healthcare,5,271,2.857543570408622,0.015717677279999162,255.0,5,ok,
Technology,Utilities,sent_Technology,sent_Utilities,1,271,2.7862983385133164,0.09624565657981211,267.0,1,ok,
Technology,Utilities,sent_Technology,sent_Utilities,2,271,1.5305017401739505,0.2183410754193769,264.0,2,ok,
Technology,Utilities,sent_Technology,sent_Utilities,3,271,0.9373282864681898,0.42312314785332694,261.0,3,ok,
Technology,Utilities,sent_Technology,sent_Utilities,4,271,0.872170958371602,0.48112478294525696,258.0,4,ok,
Technology,Utilities,sent_Technology,sent_Utilities,5,271,0.7693259636800281,0.572632703833861,255.0,5,ok,
ConsumerStaples,Banking,sent_ConsumerStaples,sent_Banking,1,271,0.10073323452090174,0.7511995438710636,267.0,1,ok,
ConsumerStaples,Banking,sent_ConsumerStaples,sent_Banking,2,271,0.32423196399189486,0.7233700160737687,264.0,2,ok,
ConsumerStaples,Banking,sent_ConsumerStaples,sent_Banking,3,271,0.40252677820608396,0.7513022320697407,261.0,3,ok,
ConsumerStaples,Banking,sent_ConsumerStaples,sent_Banking,4,271,0.4714895439144388,0.7566496074331193,258.0,4,ok,
ConsumerStaples,Banking,sent_ConsumerStaples,sent_Banking,5,271,0.3417194434867273,0.8872722048903647,255.0,5,ok,
ConsumerStaples,RealEstate,sent_ConsumerStaples,sent_RealEstate,1,271,0.2824408446245597,0.5955476993517639,267.0,1,ok,
ConsumerStaples,RealEstate,sent_ConsumerStaples,sent_RealEstate,2,271,0.14524597639352144,0.8648786037516764,264.0,2,ok,
ConsumerStaples,RealEstate,sent_ConsumerStaples,sent_RealEstate,3,271,1.5250311886702885,0.20838851464311128,261.0,3,ok,
ConsumerStaples,RealEstate,sent_ConsumerStaples,sent_RealEstate,4,271,1.30543651551957,0.26839345872415743,258.0,4,ok,
ConsumerStaples,RealEstate,sent_ConsumerStaples,sent_RealEstate,5,271,1.7345720593082725,0.1271020251049473,255.0,5,ok,
ConsumerStaples,SteelMaterials,sent_ConsumerStaples,sent_SteelMaterials,1,271,0.04917204818104556,0.8246797912055202,267.0,1,ok,
ConsumerStaples,SteelMaterials,sent_ConsumerStaples,sent_SteelMaterials,2,271,0.27110084787277117,0.7627516167364344,264.0,2,ok,
ConsumerStaples,SteelMaterials,sent_ConsumerStaples,sent_SteelMaterials,3,271,0.9249576012267433,0.429210693651334,261.0,3,ok,
ConsumerStaples,SteelMaterials,sent_ConsumerStaples,sent_SteelMaterials,4,271,0.6816579069555021,0.6052294921787464,258.0,4,ok,
ConsumerStaples,SteelMaterials,sent_ConsumerStaples,sent_SteelMaterials,5,271,0.5851404619700159,0.7113776040077822,255.0,5,ok,
ConsumerStaples,Technology,sent_ConsumerStaples,sent_Technology,1,271,0.6719943225325626,0.41308832284271424,267.0,1,ok,
ConsumerStaples,Technology,sent_ConsumerStaples,sent_Technology,2,271,0.9668914816502354,0.38160567378856475,264.0,2,ok,
ConsumerStaples,Technology,sent_ConsumerStaples,sent_Technology,3,271,0.6555343656494576,0.5801266175099442,261.0,3,ok,
ConsumerStaples,Technology,sent_ConsumerStaples,sent_Technology,4,271,1.2025668223326724,0.31014497728154056,258.0,4,ok,
ConsumerStaples,Technology,sent_ConsumerStaples,sent_Technology,5,271,0.7536122244927136,0.5841031671470962,255.0,5,ok,
ConsumerStaples,ConsumerDiscretionary,sent_ConsumerStaples,sent_ConsumerDiscretionary,1,271,10.479895097822252,0.0013592487197192505,267.0,1,ok,
ConsumerStaples,ConsumerDiscretionary,sent_ConsumerStaples,sent_ConsumerDiscretionary,2,271,7.040760242966421,0.0010495358223250673,264.0,2,ok,
ConsumerStaples,ConsumerDiscretionary,sent_ConsumerStaples,sent_ConsumerDiscretionary,3,271,4.034468520070484,0.007901511016755342,261.0,3,ok,
ConsumerStaples,ConsumerDiscretionary,sent_ConsumerStaples,sent_ConsumerDiscretionary,4,271,3.3210497040123523,0.011259157877927438,258.0,4,ok,
ConsumerStaples,ConsumerDiscretionary,sent_ConsumerStaples,sent_ConsumerDiscretionary,5,271,2.9822133683534857,0.012336126171392382,255.0,5,ok,
ConsumerStaples,Energy,sent_ConsumerStaples,sent_Energy,1,271,0.0017005420120889052,0.9671372754639452,267.0,1,ok,
ConsumerStaples,Energy,sent_ConsumerStaples,sent_Energy,2,271,0.30443169378123525,0.7378009714813387,264.0,2,ok,
ConsumerStaples,Energy,sent_ConsumerStaples,sent_Energy,3,271,0.6167067145717964,0.6047356645768267,261.0,3,ok,
ConsumerStaples,Energy,sent_ConsumerStaples,sent_Energy,4,271,0.4621159569229438,0.7635073712152889,258.0,4,ok,
ConsumerStaples,Energy,sent_ConsumerStaples,sent_Energy,5,271,0.4438139428842848,0.8175898716341535,255.0,5,ok,
ConsumerStaples,IndustrialLogistics,sent_ConsumerStaples,sent_IndustrialLogistics,1,271,0.285566860659947,0.5935201763949135,267.0,1,ok,
ConsumerStaples,IndustrialLogistics,sent_ConsumerStaples,sent_IndustrialLogistics,2,271,0.046502403355025056,0.9545700836098815,264.0,2,ok,
ConsumerStaples,IndustrialLogistics,sent_ConsumerStaples,sent_IndustrialLogistics,3,271,0.19489409614955533,0.8998244576566493,261.0,3,ok,
ConsumerStaples,IndustrialLogistics,sent_ConsumerStaples,sent_IndustrialLogistics,4,271,0.6771833331223918,0.6083351317137274,258.0,4,ok,
ConsumerStaples,IndustrialLogistics,sent_ConsumerStaples,sent_IndustrialLogistics,5,271,0.4951919946950571,0.7797345166121651,255.0,5,ok,
ConsumerStaples,Healthcare,sent_ConsumerStaples,sent_Healthcare,1,271,3.4468620873762204,0.0644733820928637,267.0,1,ok,
ConsumerStaples,Healthcare,sent_ConsumerStaples,sent_Healthcare,2,271,2.0708713723339947,0.1281191040396967,264.0,2,ok,
ConsumerStaples,Healthcare,sent_ConsumerStaples,sent_Healthcare,3,271,2.397151111600388,0.06854310166121658,261.0,3,ok,
ConsumerStaples,Healthcare,sent_ConsumerStaples,sent_Healthcare,4,271,1.7732183396714942,0.1346183659953779,258.0,4,ok,
ConsumerStaples,Healthcare,sent_ConsumerStaples,sent_Healthcare,5,271,2.2824223149762735,0.04701664384583483,255.0,5,ok,
ConsumerStaples,Utilities,sent_ConsumerStaples,sent_Utilities,1,271,1.3721250755926724,0.24249137178620317,267.0,1,ok,
ConsumerStaples,Utilities,sent_ConsumerStaples,sent_Utilities,2,271,0.7204609371127442,0.48748200073178777,264.0,2,ok,
ConsumerStaples,Utilities,sent_ConsumerStaples,sent_Utilities,3,271,0.7477700003673241,0.5245036585804344,261.0,3,ok,
ConsumerStaples,Utilities,sent_ConsumerStaples,sent_Utilities,4,271,0.5774649649470989,0.6792273072219654,258.0,4,ok,
ConsumerStaples,Utilities,sent_ConsumerStaples,sent_Utilities,5,271,0.5754231028986329,0.7188216155104992,255.0,5,ok,
ConsumerDiscretionary,Banking,sent_ConsumerDiscretionary,sent_Banking,1,271,0.06435698007968912,0.7999327896852216,267.0,1,ok,
ConsumerDiscretionary,Banking,sent_ConsumerDiscretionary,sent_Banking,2,271,0.3708038783888533,0.6905381655327311,264.0,2,ok,
ConsumerDiscretionary,Banking,sent_ConsumerDiscretionary,sent_Banking,3,271,0.37929497443993154,0.7680101182045261,261.0,3,ok,
ConsumerDiscretionary,Banking,sent_ConsumerDiscretionary,sent_Banking,4,271,0.3143769958837994,0.8682413581218933,258.0,4,ok,
ConsumerDiscretionary,Banking,sent_ConsumerDiscretionary,sent_Banking,5,271,0.24373023850040412,0.9426635167386819,255.0,5,ok,
ConsumerDiscretionary,RealEstate,sent_ConsumerDiscretionary,sent_RealEstate,1,271,3.244079092168756e-05,0.9954597812308663,267.0,1,ok,
ConsumerDiscretionary,RealEstate,sent_ConsumerDiscretionary,sent_RealEstate,2,271,0.023596407072643634,0.9766818709162087,264.0,2,ok,
ConsumerDiscretionary,RealEstate,sent_ConsumerDiscretionary,sent_RealEstate,3,271,0.07675037474483931,0.9725062271764705,261.0,3,ok,
ConsumerDiscretionary,RealEstate,sent_ConsumerDiscretionary,sent_RealEstate,4,271,0.332900981488586,0.85569830760193,258.0,4,ok,
ConsumerDiscretionary,RealEstate,sent_ConsumerDiscretionary,sent_RealEstate,5,271,0.380784661825792,0.8617261277491163,255.0,5,ok,
ConsumerDiscretionary,SteelMaterials,sent_ConsumerDiscretionary,sent_SteelMaterials,1,271,1.614432406065404,0.2049758556913628,267.0,1,ok,
ConsumerDiscretionary,SteelMaterials,sent_ConsumerDiscretionary,sent_SteelMaterials,2,271,0.7966234336999466,0.4519294298545983,264.0,2,ok,
ConsumerDiscretionary,SteelMaterials,sent_ConsumerDiscretionary,sent_SteelMaterials,3,271,0.5561188205127716,0.6444684425825353,261.0,3,ok,
ConsumerDiscretionary,SteelMaterials,sent_ConsumerDiscretionary,sent_SteelMaterials,4,271,0.40140642692752626,0.8075624227716853,258.0,4,ok,
ConsumerDiscretionary,SteelMaterials,sent_ConsumerDiscretionary,sent_SteelMaterials,5,271,0.7543327029022816,0.5835751297642189,255.0,5,ok,
ConsumerDiscretionary,Technology,sent_ConsumerDiscretionary,sent_Technology,1,271,3.222334737694872,0.07377084004871094,267.0,1,ok,
ConsumerDiscretionary,Technology,sent_ConsumerDiscretionary,sent_Technology,2,271,2.067410230295561,0.12855644344334868,264.0,2,ok,
ConsumerDiscretionary,Technology,sent_ConsumerDiscretionary,sent_Technology,3,271,1.4093424516329573,0.24044588366008468,261.0,3,ok,
ConsumerDiscretionary,Technology,sent_ConsumerDiscretionary,sent_Technology,4,271,1.0755204220756605,0.3690473673791146,258.0,4,ok,
ConsumerDiscretionary,Technology,sent_ConsumerDiscretionary,sent_Technology,5,271,1.3655569304619601,0.2377260776558972,255.0,5,ok,
ConsumerDiscretionary,ConsumerStaples,sent_ConsumerDiscretionary,sent_ConsumerStaples,1,271,3.944641211668942,0.04804334451036734,267.0,1,ok,
ConsumerDiscretionary,ConsumerStaples,sent_ConsumerDiscretionary,sent_ConsumerStaples,2,271,3.9380765223789194,0.020641013211310434,264.0,2,ok,
ConsumerDiscretionary,ConsumerStaples,sent_ConsumerDiscretionary,sent_ConsumerStaples,3,271,2.5683465916352506,0.054847766750976135,261.0,3,ok,
ConsumerDiscretionary,ConsumerStaples,sent_ConsumerDiscretionary,sent_ConsumerStaples,4,271,1.9068762967862845,0.10970059876735315,258.0,4,ok,
ConsumerDiscretionary,ConsumerStaples,sent_ConsumerDiscretionary,sent_ConsumerStaples,5,271,1.4550752470573554,0.20509856443581684,255.0,5,ok,
ConsumerDiscretionary,Energy,sent_ConsumerDiscretionary,sent_Energy,1,271,4.419700338500221,0.03646278839435141,267.0,1,ok,
ConsumerDiscretionary,Energy,sent_ConsumerDiscretionary,sent_Energy,2,271,2.262006782921293,0.10615616121564556,264.0,2,ok,
ConsumerDiscretionary,Energy,sent_ConsumerDiscretionary,sent_Energy,3,271,2.182233722835002,0.09052285675094067,261.0,3,ok,
ConsumerDiscretionary,Energy,sent_ConsumerDiscretionary,sent_Energy,4,271,1.9919091034465966,0.09617530617924025,258.0,4,ok,
ConsumerDiscretionary,Energy,sent_ConsumerDiscretionary,sent_Energy,5,271,1.762977461325802,0.12091311337791487,255.0,5,ok,
ConsumerDiscretionary,IndustrialLogistics,sent_ConsumerDiscretionary,sent_IndustrialLogistics,1,271,0.09813101555590134,0.754328688254248,267.0,1,ok,
ConsumerDiscretionary,IndustrialLogistics,sent_ConsumerDiscretionary,sent_IndustrialLogistics,2,271,0.3376521975649005,0.7137510261666672,264.0,2,ok,
ConsumerDiscretionary,IndustrialLogistics,sent_ConsumerDiscretionary,sent_IndustrialLogistics,3,271,0.1808200384409792,0.9093627954871114,261.0,3,ok,
ConsumerDiscretionary,IndustrialLogistics,sent_ConsumerDiscretionary,sent_IndustrialLogistics,4,271,0.19746235861266817,0.939558260545004,258.0,4,ok,
ConsumerDiscretionary,IndustrialLogistics,sent_ConsumerDiscretionary,sent_IndustrialLogistics,5,271,0.6480580015158807,0.6632308181502475,255.0,5,ok,
ConsumerDiscretionary,Healthcare,sent_ConsumerDiscretionary,sent_Healthcare,1,271,0.39812515492277933,0.5285988379208588,267.0,1,ok,
ConsumerDiscretionary,Healthcare,sent_ConsumerDiscretionary,sent_Healthcare,2,271,0.7486079616472234,0.474025968120809,264.0,2,ok,
ConsumerDiscretionary,Healthcare,sent_ConsumerDiscretionary,sent_Healthcare,3,271,0.8266098744496403,0.48021952322707573,261.0,3,ok,
ConsumerDiscretionary,Healthcare,sent_ConsumerDiscretionary,sent_Healthcare,4,271,0.5891658642267668,0.6707681826891717,258.0,4,ok,
ConsumerDiscretionary,Healthcare,sent_ConsumerDiscretionary,sent_Healthcare,5,271,0.9325543289728259,0.4603639678012559,255.0,5,ok,
ConsumerDiscretionary,Utilities,sent_ConsumerDiscretionary,sent_Utilities,1,271,2.1557847517096635,0.14321093945247776,267.0,1,ok,
ConsumerDiscretionary,Utilities,sent_ConsumerDiscretionary,sent_Utilities,2,271,1.041412862987721,0.35440100152188175,264.0,2,ok,
ConsumerDiscretionary,Utilities,sent_ConsumerDiscretionary,sent_Utilities,3,271,0.9268659740773819,0.4282668546819183,261.0,3,ok,
ConsumerDiscretionary,Utilities,sent_ConsumerDiscretionary,sent_Utilities,4,271,0.5776371180792806,0.6791026394618352,258.0,4,ok,
ConsumerDiscretionary,Utilities,sent_ConsumerDiscretionary,sent_Utilities,5,271,0.7552356905245491,0.5829136128644684,255.0,5,ok,
Energy,Banking,sent_Energy,sent_Banking,1,271,2.3684872179289393,0.12499121797091144,267.0,1,ok,
Energy,Banking,sent_Energy,sent_Banking,2,271,2.462471578434002,0.08717963790443303,264.0,2,ok,
Energy,Banking,sent_Energy,sent_Banking,3,271,3.268003898937866,0.02186061311234408,261.0,3,ok,
Energy,Banking,sent_Energy,sent_Banking,4,271,2.8636192060299317,0.02388652073926576,258.0,4,ok,
Energy,Banking,sent_Energy,sent_Banking,5,271,2.4696767234755534,0.03305961920007327,255.0,5,ok,
Energy,RealEstate,sent_Energy,sent_RealEstate,1,271,1.4101991812454375,0.23607869717703311,267.0,1,ok,
Energy,RealEstate,sent_Energy,sent_RealEstate,2,271,0.9821217967506638,0.3758796861232369,264.0,2,ok,
Energy,RealEstate,sent_Energy,sent_RealEstate,3,271,0.7117665978732503,0.5457315366060242,261.0,3,ok,
Energy,RealEstate,sent_Energy,sent_RealEstate,4,271,2.046656660700421,0.08831799170518456,258.0,4,ok,
Energy,RealEstate,sent_Energy,sent_RealEstate,5,271,1.7208926977122405,0.1301844720796853,255.0,5,ok,
Energy,SteelMaterials,sent_Energy,sent_SteelMaterials,1,271,1.3907006456141768,0.23933656433467584,267.0,1,ok,
Energy,SteelMaterials,sent_Energy,sent_SteelMaterials,2,271,1.1724817823841684,0.3112044567620911,264.0,2,ok,
Energy,SteelMaterials,sent_Energy,sent_SteelMaterials,3,271,0.7751436722272582,0.5087845718403647,261.0,3,ok,
Energy,SteelMaterials,sent_Energy,sent_SteelMaterials,4,271,0.5767838270497371,0.6797206244672243,258.0,4,ok,
Energy,SteelMaterials,sent_Energy,sent_SteelMaterials,5,271,0.483384389541306,0.7885447778150867,255.0,5,ok,
Energy,Technology,sent_Energy,sent_Technology,1,271,0.10235951189261411,0.7492665046265005,267.0,1,ok,
Energy,Technology,sent_Energy,sent_Technology,2,271,1.613820975009688,0.20108341998853763,264.0,2,ok,
Energy,Technology,sent_Energy,sent_Technology,3,271,1.083728319389217,0.3564685368132576,261.0,3,ok,
Energy,Technology,sent_Energy,sent_Technology,4,271,0.8024987211471237,0.5245242888972044,258.0,4,ok,
Energy,Technology,sent_Energy,sent_Technology,5,271,1.048554583627495,0.38962419292319267,255.0,5,ok,
Energy,ConsumerStaples,sent_Energy,sent_ConsumerStaples,1,271,0.4415818046359134,0.5069334647028321,267.0,1,ok,
Energy,ConsumerStaples,sent_Energy,sent_ConsumerStaples,2,271,1.0131002922082575,0.3644986988023569,264.0,2,ok,
Energy,ConsumerStaples,sent_Energy,sent_ConsumerStaples,3,271,0.7253384402337174,0.5376559720476353,261.0,3,ok,
Energy,ConsumerStaples,sent_Energy,sent_ConsumerStaples,4,271,1.0434552948581428,0.38525100516393496,258.0,4,ok,
Energy,ConsumerStaples,sent_Energy,sent_ConsumerStaples,5,271,0.8644006208294804,0.5055752351742135,255.0,5,ok,
Energy,ConsumerDiscretionary,sent_Energy,sent_ConsumerDiscretionary,1,271,0.6537551427485118,0.4194931566523036,267.0,1,ok,
Energy,ConsumerDiscretionary,sent_Energy,sent_ConsumerDiscretionary,2,271,0.28050456072372404,0.7556273547361252,264.0,2,ok,
Energy,ConsumerDiscretionary,sent_Energy,sent_ConsumerDiscretionary,3,271,0.3257032577339198,0.8067807159109114,261.0,3,ok,
Energy,ConsumerDiscretionary,sent_Energy,sent_ConsumerDiscretionary,4,271,0.3995014778271035,0.8089292656545961,258.0,4,ok,
Energy,ConsumerDiscretionary,sent_Energy,sent_ConsumerDiscretionary,5,271,0.39906254896864585,0.8492551557794321,255.0,5,ok,
Energy,IndustrialLogistics,sent_Energy,sent_IndustrialLogistics,1,271,2.780231114307291,0.09660682917738969,267.0,1,ok,
Energy,IndustrialLogistics,sent_Energy,sent_IndustrialLogistics,2,271,3.6080946064616026,0.028448402940173294,264.0,2,ok,
Energy,IndustrialLogistics,sent_Energy,sent_IndustrialLogistics,3,271,2.6015947710380147,0.05251771912992649,261.0,3,ok,
Energy,IndustrialLogistics,sent_Energy,sent_IndustrialLogistics,4,271,2.577915415506846,0.03797674228499277,258.0,4,ok,
Energy,IndustrialLogistics,sent_Energy,sent_IndustrialLogistics,5,271,2.1784217130817725,0.05704156824028891,255.0,5,ok,
Energy,Healthcare,sent_Energy,sent_Healthcare,1,271,0.05768457856900704,0.8103780052522226,267.0,1,ok,
Energy,Healthcare,sent_Energy,sent_Healthcare,2,271,3.5708709430061303,0.029498229919531563,264.0,2,ok,
Energy,Healthcare,sent_Energy,sent_Healthcare,3,271,3.717078777815503,0.012052530082962707,261.0,3,ok,
Energy,Healthcare,sent_Energy,sent_Healthcare,4,271,2.7882858766844976,0.027007064080769982,258.0,4,ok,
Energy,Healthcare,sent_Energy,sent_Healthcare,5,271,2.2453673810789,0.05037876552732743,255.0,5,ok,
Energy,Utilities,sent_Energy,sent_Utilities,1,271,2.489314339345816,0.11580566106413884,267.0,1,ok,
Energy,Utilities,sent_Energy,sent_Utilities,2,271,2.009527866083112,0.13609730956632632,264.0,2,ok,
Energy,Utilities,sent_Energy,sent_Utilities,3,271,3.4477999173102285,0.017229858441054027,261.0,3,ok,
Energy,Utilities,sent_Energy,sent_Utilities,4,271,2.335252194610484,0.05603015776689445,258.0,4,ok,
Energy,Utilities,sent_Energy,sent_Utilities,5,271,1.930897617535195,0.08964678785669172,255.0,5,ok,
IndustrialLogistics,Banking,sent_IndustrialLogistics,sent_Banking,1,271,5.475003512704365,0.02002742114600075,267.0,1,ok,
IndustrialLogistics,Banking,sent_IndustrialLogistics,sent_Banking,2,271,2.692477047695974,0.06957257229585331,264.0,2,ok,
IndustrialLogistics,Banking,sent_IndustrialLogistics,sent_Banking,3,271,1.8725713904411083,0.13458554571507172,261.0,3,ok,
IndustrialLogistics,Banking,sent_IndustrialLogistics,sent_Banking,4,271,1.5369618964100322,0.1918614015610795,258.0,4,ok,
IndustrialLogistics,Banking,sent_IndustrialLogistics,sent_Banking,5,271,1.263301206226763,0.28027376084460603,255.0,5,ok,
IndustrialLogistics,RealEstate,sent_IndustrialLogistics,sent_RealEstate,1,271,2.0157113399522855,0.15684479405600452,267.0,1,ok,
IndustrialLogistics,RealEstate,sent_IndustrialLogistics,sent_RealEstate,2,271,1.0700721505194783,0.3444666079371087,264.0,2,ok,
IndustrialLogistics,RealEstate,sent_IndustrialLogistics,sent_RealEstate,3,271,0.9556227330204389,0.41425321205021903,261.0,3,ok,
IndustrialLogistics,RealEstate,sent_IndustrialLogistics,sent_RealEstate,4,271,1.3437041503446898,0.2541427422104429,258.0,4,ok,
IndustrialLogistics,RealEstate,sent_IndustrialLogistics,sent_RealEstate,5,271,1.2714852386483257,0.2766511944392609,255.0,5,ok,
IndustrialLogistics,SteelMaterials,sent_IndustrialLogistics,sent_SteelMaterials,1,271,1.8234150500762387,0.17805077709132613,267.0,1,ok,
IndustrialLogistics,SteelMaterials,sent_IndustrialLogistics,sent_SteelMaterials,2,271,0.943759710168085,0.3904708702278396,264.0,2,ok,
IndustrialLogistics,SteelMaterials,sent_IndustrialLogistics,sent_SteelMaterials,3,271,0.8485939298655222,0.46841132249409545,261.0,3,ok,
IndustrialLogistics,SteelMaterials,sent_IndustrialLogistics,sent_SteelMaterials,4,271,0.6286169866159675,0.642494343633643,258.0,4,ok,
IndustrialLogistics,SteelMaterials,sent_IndustrialLogistics,sent_SteelMaterials,5,271,0.506805547587119,0.7710176235514222,255.0,5,ok,
IndustrialLogistics,Technology,sent_IndustrialLogistics,sent_Technology,1,271,0.13192208316017012,0.7167348119908122,267.0,1,ok,
IndustrialLogistics,Technology,sent_IndustrialLogistics,sent_Technology,2,271,1.0496518535879145,0.35151584899203864,264.0,2,ok,
IndustrialLogistics,Technology,sent_IndustrialLogistics,sent_Technology,3,271,1.5986714635710126,0.19011312573114214,261.0,3,ok,
IndustrialLogistics,Technology,sent_IndustrialLogistics,sent_Technology,4,271,1.9786258411599722,0.09817902197616626,258.0,4,ok,
IndustrialLogistics,Technology,sent_IndustrialLogistics,sent_Technology,5,271,1.7957487771053935,0.11411662133945596,255.0,5,ok,
IndustrialLogistics,ConsumerStaples,sent_IndustrialLogistics,sent_ConsumerStaples,1,271,2.5838224524433486,0.10914253688314869,267.0,1,ok,
IndustrialLogistics,ConsumerStaples,sent_IndustrialLogistics,sent_ConsumerStaples,2,271,1.1876030709987468,0.3065751175380138,264.0,2,ok,
IndustrialLogistics,ConsumerStaples,sent_IndustrialLogistics,sent_ConsumerStaples,3,271,1.1704678538046538,0.32145580486907976,261.0,3,ok,
IndustrialLogistics,ConsumerStaples,sent_IndustrialLogistics,sent_ConsumerStaples,4,271,0.9059816127142721,0.4609625898762223,258.0,4,ok,
IndustrialLogistics,ConsumerStaples,sent_IndustrialLogistics,sent_ConsumerStaples,5,271,0.6527849877873363,0.6596294922251599,255.0,5,ok,
IndustrialLogistics,ConsumerDiscretionary,sent_IndustrialLogistics,sent_ConsumerDiscretionary,1,271,0.939418479958163,0.33330459967512327,267.0,1,ok,
IndustrialLogistics,ConsumerDiscretionary,sent_IndustrialLogistics,sent_ConsumerDiscretionary,2,271,0.7887957473978623,0.4554595903002055,264.0,2,ok,
IndustrialLogistics,ConsumerDiscretionary,sent_IndustrialLogistics,sent_ConsumerDiscretionary,3,271,1.5430008753177984,0.20378278371922787,261.0,3,ok,
IndustrialLogistics,ConsumerDiscretionary,sent_IndustrialLogistics,sent_ConsumerDiscretionary,4,271,1.4448201588379408,0.21962248031396814,258.0,4,ok,
IndustrialLogistics,ConsumerDiscretionary,sent_IndustrialLogistics,sent_ConsumerDiscretionary,5,271,1.0988349535422506,0.36150409717592547,255.0,5,ok,
IndustrialLogistics,Energy,sent_IndustrialLogistics,sent_Energy,1,271,1.2841074710897125,0.2581532253629674,267.0,1,ok,
IndustrialLogistics,Energy,sent_IndustrialLogistics,sent_Energy,2,271,1.7965023096369512,0.16789994660947685,264.0,2,ok,
IndustrialLogistics,Energy,sent_IndustrialLogistics,sent_Energy,3,271,0.9599067091312212,0.41219891902103833,261.0,3,ok,
IndustrialLogistics,Energy,sent_IndustrialLogistics,sent_Energy,4,271,4.768451311539863,0.0009974708662983138,258.0,4,ok,
IndustrialLogistics,Energy,sent_IndustrialLogistics,sent_Energy,5,271,4.165063089612119,0.0011787359105842226,255.0,5,ok,
IndustrialLogistics,Healthcare,sent_IndustrialLogistics,sent_Healthcare,1,271,0.2497356052870983,0.6176728790264453,267.0,1,ok,
IndustrialLogistics,Healthcare,sent_IndustrialLogistics,sent_Healthcare,2,271,0.7308745284593338,0.48245937115137144,264.0,2,ok,
IndustrialLogistics,Healthcare,sent_IndustrialLogistics,sent_Healthcare,3,271,1.6273594166117886,0.18341053085215128,261.0,3,ok,
IndustrialLogistics,Healthcare,sent_IndustrialLogistics,sent_Healthcare,4,271,1.0986177475855796,0.35771368344499715,258.0,4,ok,
IndustrialLogistics,Healthcare,sent_IndustrialLogistics,sent_Healthcare,5,271,1.0147523775102427,0.40940021424245515,255.0,5,ok,
IndustrialLogistics,Utilities,sent_IndustrialLogistics,sent_Utilities,1,271,1.8529267903895867,0.17459105546007805,267.0,1,ok,
IndustrialLogistics,Utilities,sent_IndustrialLogistics,sent_Utilities,2,271,0.9544511264133267,0.3863479076625723,264.0,2,ok,
IndustrialLogistics,Utilities,sent_IndustrialLogistics,sent_Utilities,3,271,2.925391259709548,0.034351296426042253,261.0,3,ok,
IndustrialLogistics,Utilities,sent_IndustrialLogistics,sent_Utilities,4,271,2.8127385099967457,0.02595287327993905,258.0,4,ok,
IndustrialLogistics,Utilities,sent_IndustrialLogistics,sent_Utilities,5,271,2.211830727590564,0.053618144067182405,255.0,5,ok,
Healthcare,Banking,sent_Healthcare,sent_Banking,1,271,0.016620764633085743,0.897516788267936,267.0,1,ok,
Healthcare,Banking,sent_Healthcare,sent_Banking,2,271,0.8682839180230574,0.4208660639851564,264.0,2,ok,
Healthcare,Banking,sent_Healthcare,sent_Banking,3,271,1.2656984904795519,0.28657964568211786,261.0,3,ok,
Healthcare,Banking,sent_Healthcare,sent_Banking,4,271,1.2097760909100306,0.30705019673681416,258.0,4,ok,
Healthcare,Banking,sent_Healthcare,sent_Banking,5,271,0.9359706415790662,0.4581664362780472,255.0,5,ok,
Healthcare,RealEstate,sent_Healthcare,sent_RealEstate,1,271,0.6288999879883649,0.42846321768290263,267.0,1,ok,
Healthcare,RealEstate,sent_Healthcare,sent_RealEstate,2,271,1.9981918351871975,0.13762555891218753,264.0,2,ok,
Healthcare,RealEstate,sent_Healthcare,sent_RealEstate,3,271,1.9305448541704382,0.12500901196327982,261.0,3,ok,
Healthcare,RealEstate,sent_Healthcare,sent_RealEstate,4,271,2.6617213494569634,0.03316691608100066,258.0,4,ok,
Healthcare,RealEstate,sent_Healthcare,sent_RealEstate,5,271,2.3618406266664946,0.040518252874271646,255.0,5,ok,
Healthcare,SteelMaterials,sent_Healthcare,sent_SteelMaterials,1,271,0.07255881094411218,0.78785499716279,267.0,1,ok,
Healthcare,SteelMaterials,sent_Healthcare,sent_SteelMaterials,2,271,0.26557156908695917,0.766972160888442,264.0,2,ok,
Healthcare,SteelMaterials,sent_Healthcare,sent_SteelMaterials,3,271,0.2922771171428213,0.8309658152498486,261.0,3,ok,
Healthcare,SteelMaterials,sent_Healthcare,sent_SteelMaterials,4,271,0.2732300064042671,0.8950917417305444,258.0,4,ok,
Healthcare,SteelMaterials,sent_Healthcare,sent_SteelMaterials,5,271,0.5419103845200584,0.7444260265611404,255.0,5,ok,
Healthcare,Technology,sent_Healthcare,sent_Technology,1,271,5.037397778548592e-06,0.9982108935688613,267.0,1,ok,
Healthcare,Technology,sent_Healthcare,sent_Technology,2,271,0.04551649708917702,0.9555113360740342,264.0,2,ok,
Healthcare,Technology,sent_Healthcare,sent_Technology,3,271,0.080000588634573,0.970826622455932,261.0,3,ok,
Healthcare,Technology,sent_Healthcare,sent_Technology,4,271,0.08329471952944309,0.9874971450940864,258.0,4,ok,
Healthcare,Technology,sent_Healthcare,sent_Technology,5,271,0.3955580283228466,0.8516692868515797,255.0,5,ok,
Healthcare,ConsumerStaples,sent_Healthcare,sent_ConsumerStaples,1,271,0.7352472193392022,0.39195663182088264,267.0,1,ok,
Healthcare,ConsumerStaples,sent_Healthcare,sent_ConsumerStaples,2,271,1.622732606664838,0.19932091133328303,264.0,2,ok,
Healthcare,ConsumerStaples,sent_Healthcare,sent_ConsumerStaples,3,271,0.998090238082781,0.39426695498941466,261.0,3,ok,
Healthcare,ConsumerStaples,sent_Healthcare,sent_ConsumerStaples,4,271,0.7574183597741342,0.5538732113272784,258.0,4,ok,
Healthcare,ConsumerStaples,sent_Healthcare,sent_ConsumerStaples,5,271,0.4772774367969571,0.793078434371643,255.0,5,ok,
Healthcare,ConsumerDiscretionary,sent_Healthcare,sent_ConsumerDiscretionary,1,271,1.169912423919765,0.28039516524251007,267.0,1,ok,
Healthcare,ConsumerDiscretionary,sent_Healthcare,sent_ConsumerDiscretionary,2,271,1.8881166116274863,0.15339480013839346,264.0,2,ok,
Healthcare,ConsumerDiscretionary,sent_Healthcare,sent_ConsumerDiscretionary,3,271,2.010719412485376,0.11283821351370588,261.0,3,ok,
Healthcare,ConsumerDiscretionary,sent_Healthcare,sent_ConsumerDiscretionary,4,271,1.7052051558974488,0.14923124932579818,258.0,4,ok,
Healthcare,ConsumerDiscretionary,sent_Healthcare,sent_ConsumerDiscretionary,5,271,1.553080243224954,0.17390807788957247,255.0,5,ok,
Healthcare,Energy,sent_Healthcare,sent_Energy,1,271,0.09913088063877691,0.7531210245053895,267.0,1,ok,
Healthcare,Energy,sent_Healthcare,sent_Energy,2,271,0.5736379157565217,0.5641725841435594,264.0,2,ok,
Healthcare,Energy,sent_Healthcare,sent_Energy,3,271,0.5095729410661699,0.6760131156552284,261.0,3,ok,
Healthcare,Energy,sent_Healthcare,sent_Energy,4,271,1.106357332519126,0.35397887986729526,258.0,4,ok,
Healthcare,Energy,sent_Healthcare,sent_Energy,5,271,1.0311891692030228,0.3996966516623628,255.0,5,ok,
Healthcare,IndustrialLogistics,sent_Healthcare,sent_IndustrialLogistics,1,271,0.41674953233026696,0.5191178220183783,267.0,1,ok,
Healthcare,IndustrialLogistics,sent_Healthcare,sent_IndustrialLogistics,2,271,1.7602890269213465,0.17400779974873581,264.0,2,ok,
Healthcare,IndustrialLogistics,sent_Healthcare,sent_IndustrialLogistics,3,271,1.9905715780804631,0.1157847054260763,261.0,3,ok,
Healthcare,IndustrialLogistics,sent_Healthcare,sent_IndustrialLogistics,4,271,1.539883427568063,0.19103525696536172,258.0,4,ok,
Healthcare,IndustrialLogistics,sent_Healthcare,sent_IndustrialLogistics,5,271,1.1533630965474042,0.33276268218208543,255.0,5,ok,
Healthcare,Utilities,sent_Healthcare,sent_Utilities,1,271,0.18681419400352287,0.6659303301135627,267.0,1,ok,
Healthcare,Utilities,sent_Healthcare,sent_Utilities,2,271,0.06512643305196372,0.9369640428617595,264.0,2,ok,
Healthcare,Utilities,sent_Healthcare,sent_Utilities,3,271,1.0279634445011943,0.3807062947310781,261.0,3,ok,
Healthcare,Utilities,sent_Healthcare,sent_Utilities,4,271,0.7553249601301302,0.5552590754813251,258.0,4,ok,
Healthcare,Utilities,sent_Healthcare,sent_Utilities,5,271,0.6446032580777341,0.6658650630268704,255.0,5,ok,
Utilities,Banking,sent_Utilities,sent_Banking,1,271,1.4847030057365307,0.22411567962206985,267.0,1,ok,
Utilities,Banking,sent_Utilities,sent_Banking,2,271,1.8836805573258697,0.15406715204323732,264.0,2,ok,
Utilities,Banking,sent_Utilities,sent_Banking,3,271,1.2760174872345755,0.28301369014121164,261.0,3,ok,
Utilities,Banking,sent_Utilities,sent_Banking,4,271,1.5138079619539433,0.19852364296584016,258.0,4,ok,
Utilities,Banking,sent_Utilities,sent_Banking,5,271,1.450036766177068,0.20682648807574158,255.0,5,ok,
Utilities,RealEstate,sent_Utilities,sent_RealEstate,1,271,0.4814028798140695,0.488390745856969,267.0,1,ok,
Utilities,RealEstate,sent_Utilities,sent_RealEstate,2,271,1.7421149051740417,0.17715699072175292,264.0,2,ok,
Utilities,RealEstate,sent_Utilities,sent_RealEstate,3,271,1.861363929885363,0.13651630926463962,261.0,3,ok,
Utilities,RealEstate,sent_Utilities,sent_RealEstate,4,271,1.9591353715053474,0.10119053864463205,258.0,4,ok,
Utilities,RealEstate,sent_Utilities,sent_RealEstate,5,271,1.9384161509821232,0.08844031229421909,255.0,5,ok,
Utilities,SteelMaterials,sent_Utilities,sent_SteelMaterials,1,271,0.24145036715703197,0.6235642146519974,267.0,1,ok,
Utilities,SteelMaterials,sent_Utilities,sent_SteelMaterials,2,271,0.669911527104962,0.5126216003802755,264.0,2,ok,
Utilities,SteelMaterials,sent_Utilities,sent_SteelMaterials,3,271,3.879081171601864,0.009717014582662279,261.0,3,ok,
Utilities,SteelMaterials,sent_Utilities,sent_SteelMaterials,4,271,2.8736801546750383,0.02349740408500406,258.0,4,ok,
Utilities,SteelMaterials,sent_Utilities,sent_SteelMaterials,5,271,2.3789405840261377,0.039236271812970513,255.0,5,ok,
Utilities,Technology,sent_Utilities,sent_Technology,1,271,0.25232104721023274,0.6158594941235428,267.0,1,ok,
Utilities,Technology,sent_Utilities,sent_Technology,2,271,0.4879205305163331,0.6144541417367476,264.0,2,ok,
Utilities,Technology,sent_Utilities,sent_Technology,3,271,0.7499093305268755,0.5232620410438187,261.0,3,ok,
Utilities,Technology,sent_Utilities,sent_Technology,4,271,0.7055506493852728,0.5887766006558235,258.0,4,ok,
Utilities,Technology,sent_Utilities,sent_Technology,5,271,0.7475942187158708,0.5885214427946553,255.0,5,ok,
Utilities,ConsumerStaples,sent_Utilities,sent_ConsumerStaples,1,271,0.4570478083396081,0.49959208663307875,267.0,1,ok,
Utilities,ConsumerStaples,sent_Utilities,sent_ConsumerStaples,2,271,0.3462736110356998,0.7076396975337713,264.0,2,ok,
Utilities,ConsumerStaples,sent_Utilities,sent_ConsumerStaples,3,271,0.4515960807488967,0.7163831351983942,261.0,3,ok,
Utilities,ConsumerStaples,sent_Utilities,sent_ConsumerStaples,4,271,0.5274187923569933,0.7156788878918106,258.0,4,ok,
Utilities,ConsumerStaples,sent_Utilities,sent_ConsumerStaples,5,271,0.8170135611065905,0.5384630400688499,255.0,5,ok,
Utilities,ConsumerDiscretionary,sent_Utilities,sent_ConsumerDiscretionary,1,271,0.4848546325948813,0.48683726898155444,267.0,1,ok,
Utilities,ConsumerDiscretionary,sent_Utilities,sent_ConsumerDiscretionary,2,271,1.7224003711834945,0.1806380780845495,264.0,2,ok,
Utilities,ConsumerDiscretionary,sent_Utilities,sent_ConsumerDiscretionary,3,271,1.78303218384306,0.1507698140695622,261.0,3,ok,
Utilities,ConsumerDiscretionary,sent_Utilities,sent_ConsumerDiscretionary,4,271,1.3255105231952067,0.26083400961990055,258.0,4,ok,
Utilities,ConsumerDiscretionary,sent_Utilities,sent_ConsumerDiscretionary,5,271,1.0989773976010742,0.36142664086347975,255.0,5,ok,
Utilities,Energy,sent_Utilities,sent_Energy,1,271,1.5249200234755003,0.21796206513592783,267.0,1,ok,
Utilities,Energy,sent_Utilities,sent_Energy,2,271,0.8719822356942645,0.41932259784623654,264.0,2,ok,
Utilities,Energy,sent_Utilities,sent_Energy,3,271,0.7169525142424145,0.5426353302084307,261.0,3,ok,
Utilities,Energy,sent_Utilities,sent_Energy,4,271,0.6428589331916998,0.6323961842523543,258.0,4,ok,
Utilities,Energy,sent_Utilities,sent_Energy,5,271,0.7791421234651187,0.5655179837219244,255.0,5,ok,
Utilities,IndustrialLogistics,sent_Utilities,sent_IndustrialLogistics,1,271,0.014859999113601804,0.9030686477667007,267.0,1,ok,
Utilities,IndustrialLogistics,sent_Utilities,sent_IndustrialLogistics,2,271,0.24610644592621014,0.7820181687560919,264.0,2,ok,
Utilities,IndustrialLogistics,sent_Utilities,sent_IndustrialLogistics,3,271,0.14547175217811492,0.9325218763801169,261.0,3,ok,
Utilities,IndustrialLogistics,sent_Utilities,sent_IndustrialLogistics,4,271,0.1588682293703729,0.9588477698737773,258.0,4,ok,
Utilities,IndustrialLogistics,sent_Utilities,sent_IndustrialLogistics,5,271,0.98870697756566,0.425112126644021,255.0,5,ok,
Utilities,Healthcare,sent_Utilities,sent_Healthcare,1,271,0.030358052449105357,0.8618123265095387,267.0,1,ok,
Utilities,Healthcare,sent_Utilities,sent_Healthcare,2,271,0.28839825641046446,0.7496988674029392,264.0,2,ok,
Utilities,Healthcare,sent_Utilities,sent_Healthcare,3,271,0.292583452579364,0.8307446701581007,261.0,3,ok,
Utilities,Healthcare,sent_Utilities,sent_Healthcare,4,271,0.7702237347510736,0.5454394851333012,258.0,4,ok,
Utilities,Healthcare,sent_Utilities,sent_Healthcare,5,271,0.6086426282887459,0.6933665261867243,255.0,5,ok,
