s_sector,r_sector,lag,corr,pvalue,significant,n_obs
Banking,Banking,0,0.1211032481159885,0.055843083366109096,False,250
Banking,Banking,1,-0.1094684914983001,0.08473017327006484,False,249
Banking,Banking,2,-0.06580224445462045,0.3020071793105283,False,248
Banking,Banking,3,-0.03093783608818646,0.6284740825832119,False,247
Banking,Banking,4,0.14929786284674404,0.019136312426934404,True,246
Banking,Banking,5,0.092813798492414,0.14748717021657126,False,245
Banking,RealEstate,0,0.04147724779063401,0.5138805588955776,False,250
Banking,RealEstate,1,-0.052465846872020064,0.4097695419229933,False,249
Banking,RealEstate,2,-0.06976453619171064,0.27376354595671715,False,248
Banking,RealEstate,3,0.004440270600650595,0.9446468028372645,False,247
Banking,RealEstate,4,0.011673148384319751,0.8554572521573662,False,246
Banking,RealEstate,5,0.0878600600749397,0.17042269289908046,False,245
Banking,SteelMaterials,0,0.06391344354178038,0.31416296104794006,False,250
Banking,SteelMaterials,1,-0.09383632189069822,0.1398039671169625,False,249
Banking,SteelMaterials,2,-0.037927400350571065,0.5521926209992409,False,248
Banking,SteelMaterials,3,0.04661465671175676,0.4658259986136032,False,247
Banking,SteelMaterials,4,0.00961095149973941,0.8807822990115213,False,246
Banking,SteelMaterials,5,-0.12128413072542515,0.058000746155414125,False,245
Banking,Technology,0,0.07851492534341069,0.21604285017035968,False,250
Banking,Technology,1,-0.041477020980896104,0.5147344005437469,False,249
Banking,Technology,2,-0.022404679651230018,0.7255202185352614,False,248
Banking,Technology,3,-0.009488131845705891,0.8820550131161755,False,247
Banking,Technology,4,0.07215420928496677,0.2595731082906769,False,246
Banking,Technology,5,0.00026212067577887493,0.9967431596131043,False,245
Banking,ConsumerStaples,0,0.06183864149524113,0.33016230578694417,False,250
Banking,ConsumerStaples,1,-0.10285752352010089,0.1054053314649716,False,249
Banking,ConsumerStaples,2,-0.03708199156115331,0.5610938743557753,False,248
Banking,ConsumerStaples,3,0.008207934818938695,0.8978754524290994,False,247
Banking,ConsumerStaples,4,0.04064297370141792,0.5257704626629862,False,246
Banking,ConsumerStaples,5,-0.07540958317303204,0.23960066777929487,False,245
Banking,ConsumerDiscretionary,0,0.15563767498523376,0.013757040579294862,True,250
Banking,ConsumerDiscretionary,1,-0.09665553390661383,0.1282378132830667,False,249
Banking,ConsumerDiscretionary,2,-0.16186870108579818,0.010677140139937067,True,248
Banking,ConsumerDiscretionary,3,0.022096514039948254,0.7296774629287928,False,247
Banking,ConsumerDiscretionary,4,0.056926687242857786,0.37398488748486747,False,246
Banking,ConsumerDiscretionary,5,-0.04261025646888091,0.5067884057758,False,245
Banking,Energy,0,0.1134355517157091,0.07339474970761127,False,250
Banking,Energy,1,0.07512966841131723,0.23751092753924108,False,249
Banking,Energy,2,0.05784809282189579,0.36432736855581366,False,248
Banking,Energy,3,-0.009135731543956402,0.8864055210900978,False,247
Banking,Energy,4,-0.03067894664714078,0.6320507111115956,False,246
Banking,Energy,5,0.03227999909962791,0.6150985443401191,False,245
Banking,IndustrialLogistics,0,0.09824433949098317,0.12129881810554341,False,250
Banking,IndustrialLogistics,1,-0.07803838905427231,0.2197846165184535,False,249
Banking,IndustrialLogistics,2,-0.1471351011796064,0.020448790412662673,True,248
Banking,IndustrialLogistics,3,-0.017962461183887626,0.7787925393059143,False,247
Banking,IndustrialLogistics,4,-0.007695090693024758,0.9044198990633769,False,246
Banking,IndustrialLogistics,5,0.042436268432199754,0.5085266107617336,False,245
Banking,Healthcare,0,0.0975940573870041,0.12379443710786858,False,250
Banking,Healthcare,1,-0.003241449768510034,0.9594115964726829,False,249
Banking,Healthcare,2,-0.011349318553201662,0.8588548954895094,False,248
Banking,Healthcare,3,0.03324351179502698,0.6030940160263477,False,247
Banking,Healthcare,4,-0.1290719310688192,0.04311736380724266,True,246
Banking,Healthcare,5,-0.0009767013006509659,0.987864951398208,False,245
Banking,Utilities,0,0.08342852780520427,0.18857601550230427,False,250
Banking,Utilities,1,0.028348563911279566,0.6561958716502342,False,249
Banking,Utilities,2,-0.07162232649306735,0.2611594422858829,False,248
Banking,Utilities,3,0.011980690268730032,0.851391762534933,False,247
Banking,Utilities,4,-0.020226921141954134,0.7522580455922747,False,246
Banking,Utilities,5,-0.01163360466406075,0.8562344523628955,False,245
RealEstate,Banking,0,0.13883225652202272,0.028180166579166565,True,250
RealEstate,Banking,1,-0.05916134534584979,0.35254326682573706,False,249
RealEstate,Banking,2,-0.100890927678235,0.1130000777229984,False,248
RealEstate,Banking,3,-8.29032290488238e-05,0.9989656886918588,False,247
RealEstate,Banking,4,0.05114096277070147,0.42455022007918924,False,246
RealEstate,Banking,5,-0.00885523731124091,0.8903192526037015,False,245
RealEstate,RealEstate,0,0.17282734934315647,0.006151567237620382,True,250
RealEstate,RealEstate,1,0.09067951441070743,0.1536838292919655,False,249
RealEstate,RealEstate,2,-0.01334935640306642,0.8343130921244244,False,248
RealEstate,RealEstate,3,-0.09108155829089183,0.15353205690417984,False,247
RealEstate,RealEstate,4,-0.03806163757307837,0.5524129378873557,False,246
RealEstate,RealEstate,5,-0.05165591138103413,0.4208511117439393,False,245
RealEstate,SteelMaterials,0,-0.019904739184525334,0.7541474433808529,False,250
RealEstate,SteelMaterials,1,-0.11567802620659651,0.06840856734784627,False,249
RealEstate,SteelMaterials,2,0.0015121616870929638,0.9810972884588618,False,248
RealEstate,SteelMaterials,3,-0.004307001854565604,0.9463056211142021,False,247
RealEstate,SteelMaterials,4,-0.0015308141898979777,0.9809422583752607,False,246
RealEstate,SteelMaterials,5,-0.04700486134613585,0.46393375516415536,False,245
RealEstate,Technology,0,0.016726939826334355,0.7924202295100181,False,250
RealEstate,Technology,1,-0.07748660840989055,0.2230726197428793,False,249
RealEstate,Technology,2,-0.13120208617722495,0.038954477156748275,True,248
RealEstate,Technology,3,-0.06370836295179605,0.31867230726285667,False,247
RealEstate,Technology,4,0.044160969875873576,0.49054237322028976,False,246
RealEstate,Technology,5,-0.001409031597638201,0.9824941785414436,False,245
RealEstate,ConsumerStaples,0,0.042376682294008955,0.5047874864412576,False,250
RealEstate,ConsumerStaples,1,-0.08078941454691083,0.2039070748000587,False,249
RealEstate,ConsumerStaples,2,-0.13785558976633555,0.029979816190392732,True,248
RealEstate,ConsumerStaples,3,-0.022204371277100565,0.7284097140473309,False,247
RealEstate,ConsumerStaples,4,0.07735709162195277,0.22668922032002736,False,246
RealEstate,ConsumerStaples,5,-0.03293106630706449,0.6079822239912406,False,245
RealEstate,ConsumerDiscretionary,0,-0.006297698355226269,0.9210768872898197,False,250
RealEstate,ConsumerDiscretionary,1,-0.14380964594276607,0.023227612124645653,True,249
RealEstate,ConsumerDiscretionary,2,-0.0938182080670966,0.14068694644442276,False,248
RealEstate,ConsumerDiscretionary,3,-0.06319167865290884,0.3226209001719109,False,247
RealEstate,ConsumerDiscretionary,4,0.005854720699942471,0.9272059166045701,False,246
RealEstate,ConsumerDiscretionary,5,-0.05470027080056174,0.3939618992028719,False,245
RealEstate,Energy,0,0.07428119313463812,0.2419123815176547,False,250
RealEstate,Energy,1,-0.021175045294900892,0.7395173377717511,False,249
RealEstate,Energy,2,-0.09955730919435563,0.11786528654806848,False,248
RealEstate,Energy,3,0.10249830519290856,0.1080651048007824,False,247
RealEstate,Energy,4,0.05587154105623747,0.38291963023361225,False,246
RealEstate,Energy,5,0.049163078437249756,0.4436454357301111,False,245
RealEstate,IndustrialLogistics,0,0.0731963652118923,0.24887610537126495,False,250
RealEstate,IndustrialLogistics,1,-0.1692411000139715,0.00744008240274532,True,249
RealEstate,IndustrialLogistics,2,-0.10622664287803324,0.09509095988780787,False,248
RealEstate,IndustrialLogistics,3,-0.1266391837533578,0.04678880897299479,True,247
RealEstate,IndustrialLogistics,4,-0.014474643133429513,0.8212936271981885,False,246
RealEstate,IndustrialLogistics,5,0.0247560687205226,0.6998142619819109,False,245
RealEstate,Healthcare,0,-0.13997812541923726,0.026893261386471565,True,250
RealEstate,Healthcare,1,-0.07922625095581298,0.21282392266336497,False,249
RealEstate,Healthcare,2,-0.049704106201874265,0.4358216249645421,False,248
RealEstate,Healthcare,3,0.046181914298988894,0.4699811819623931,False,247
RealEstate,Healthcare,4,-0.022775790009952404,0.7222517458242684,False,246
RealEstate,Healthcare,5,-0.09169454775422367,0.15245229776761723,False,245
RealEstate,Utilities,0,0.0043194382946337255,0.9458219633540685,False,250
RealEstate,Utilities,1,-0.10043656299375237,0.11390374144014405,False,249
RealEstate,Utilities,2,-0.1255368411651639,0.0482922579521112,True,248
RealEstate,Utilities,3,-0.07403307869073897,0.24637035205827376,False,247
RealEstate,Utilities,4,-0.0512907950505893,0.42319261614926273,False,246
RealEstate,Utilities,5,-0.032455539726644174,0.6131762588265028,False,245
SteelMaterials,Banking,0,0.026544877224184873,0.6761799449884524,False,250
SteelMaterials,Banking,1,0.06307859891854789,0.3215182661844283,False,249
SteelMaterials,Banking,2,0.05862472500924487,0.3579125869180916,False,248
SteelMaterials,Banking,3,-0.025035877610140707,0.695401683482506,False,247
SteelMaterials,Banking,4,0.0025602318724520026,0.9681320228884647,False,246
SteelMaterials,Banking,5,0.02575451648082895,0.6883266915643083,False,245
SteelMaterials,RealEstate,0,0.07746048563323278,0.2222926522046734,False,250
SteelMaterials,RealEstate,1,0.080958380655186,0.20295966158209258,False,249
SteelMaterials,RealEstate,2,-0.07285034048800258,0.25305034073205007,False,248
SteelMaterials,RealEstate,3,-0.0743599135787024,0.24428529219771405,False,247
SteelMaterials,RealEstate,4,0.07624475837774465,0.23345864382769937,False,246
SteelMaterials,RealEstate,5,-0.08827905681886515,0.1683855490654547,False,245
SteelMaterials,SteelMaterials,0,0.0023431106286926975,0.970594866828306,False,250
SteelMaterials,SteelMaterials,1,-0.05623891831775918,0.3768746823220587,False,249
SteelMaterials,SteelMaterials,2,0.011906111661369697,0.8520079845865455,False,248
SteelMaterials,SteelMaterials,3,0.06988285803266059,0.27392767113717487,False,247
SteelMaterials,SteelMaterials,4,-0.013372491928257624,0.834697723778843,False,246
SteelMaterials,SteelMaterials,5,8.300954946142015e-05,0.998968606640247,False,245
SteelMaterials,Technology,0,0.018918539298095498,0.7659657897914858,False,250
SteelMaterials,Technology,1,0.0858627110276424,0.17683361810274797,False,249
SteelMaterials,Technology,2,0.08714043842975346,0.17132470442371295,False,248
SteelMaterials,Technology,3,0.004205324423281531,0.9475713730289851,False,247
SteelMaterials,Technology,4,-0.052129707649281334,0.41563817535504016,False,246
SteelMaterials,Technology,5,0.05186816258900908,0.41894238636375825,False,245
SteelMaterials,ConsumerStaples,0,-0.023200168256717918,0.7150833071607469,False,250
SteelMaterials,ConsumerStaples,1,0.07274032267832847,0.2528049336908657,False,249
SteelMaterials,ConsumerStaples,2,0.02391904652329546,0.7077882672132927,False,248
SteelMaterials,ConsumerStaples,3,-0.0023136737026484486,0.9711405592679615,False,247
SteelMaterials,ConsumerStaples,4,0.013762548965673305,0.8299482731032035,False,246
SteelMaterials,ConsumerStaples,5,0.04925423896878349,0.44279971524119915,False,245
SteelMaterials,ConsumerDiscretionary,0,-0.014427018603412634,0.82043943509248,False,250
SteelMaterials,ConsumerDiscretionary,1,0.009017582751416542,0.8874102283251537,False,249
SteelMaterials,ConsumerDiscretionary,2,-0.03609435361613909,0.5715792576367815,False,248
SteelMaterials,ConsumerDiscretionary,3,-0.01606377503192996,0.8016613208636217,False,247
SteelMaterials,ConsumerDiscretionary,4,-0.028471082926024172,0.6567771221387104,False,246
SteelMaterials,ConsumerDiscretionary,5,-0.014429919569373926,0.822196648076626,False,245
SteelMaterials,Energy,0,0.005003269258788303,0.9372611682612906,False,250
SteelMaterials,Energy,1,0.13921030169054766,0.02806663136254759,True,249
SteelMaterials,Energy,2,0.16242731633454888,0.0104064987572318,True,248
SteelMaterials,Energy,3,0.05355488747093989,0.40202326912823805,False,247
SteelMaterials,Energy,4,-0.03394815302689153,0.596183462584441,False,246
SteelMaterials,Energy,5,0.05142255876341023,0.4229554406959076,False,245
SteelMaterials,IndustrialLogistics,0,0.00614829432275011,0.9229433599380195,False,250
SteelMaterials,IndustrialLogistics,1,0.08630717957855549,0.17459505256782024,False,249
SteelMaterials,IndustrialLogistics,2,0.05508978283640552,0.3876823623792499,False,248
SteelMaterials,IndustrialLogistics,3,0.0008697787945033952,0.9891488577607984,False,247
SteelMaterials,IndustrialLogistics,4,-0.048161543561226206,0.45206702420253153,False,246
SteelMaterials,IndustrialLogistics,5,-0.004422354806406417,0.9450953757727848,False,245
SteelMaterials,Healthcare,0,0.04186666119099808,0.5099333104375068,False,250
SteelMaterials,Healthcare,1,0.06416514928600202,0.3132366043828062,False,249
SteelMaterials,Healthcare,2,0.07710084867407502,0.22633530929189755,False,248
SteelMaterials,Healthcare,3,-0.11697209577044956,0.066455182814409,False,247
SteelMaterials,Healthcare,4,0.046426726509364635,0.4685397822813984,False,246
SteelMaterials,Healthcare,5,-0.05075414426426797,0.42901685750980884,False,245
SteelMaterials,Utilities,0,-0.023012047070528445,0.7172945604374771,False,250
SteelMaterials,Utilities,1,-0.0013426378286770443,0.9831819405998863,False,249
SteelMaterials,Utilities,2,-0.0026560033250443756,0.9668051814247526,False,248
SteelMaterials,Utilities,3,0.0015037053577150765,0.9812412919226476,False,247
SteelMaterials,Utilities,4,-0.04897063201748528,0.4444971025156244,False,246
SteelMaterials,Utilities,5,-0.024088383680960095,0.7075347295647623,False,245
Technology,Banking,0,0.06144815585607011,0.33323106014575454,False,250
Technology,Banking,1,-0.07952226600838863,0.21111421692631557,False,249
Technology,Banking,2,-0.13785929216475787,0.02997536151700633,True,248
Technology,Banking,3,-0.04863638409289846,0.44668461338086707,False,247
Technology,Banking,4,-0.0469296768431978,0.4637303739403828,False,246
Technology,Banking,5,0.005872082035077282,0.9271403069202138,False,245
Technology,RealEstate,0,0.04928667022458547,0.43783348628275165,False,250
Technology,RealEstate,1,0.09947295158901259,0.11743195139433253,False,249
Technology,RealEstate,2,0.04058083484507076,0.5247105168689085,False,248
Technology,RealEstate,3,0.006569654063108743,0.9181791804270376,False,247
Technology,RealEstate,4,-0.05448173031280427,0.3948846675563446,False,246
Technology,RealEstate,5,0.006971649676044947,0.9135460689187894,False,245
Technology,SteelMaterials,0,0.025377470155972182,0.6896674079915256,False,250
Technology,SteelMaterials,1,0.0010999546922505973,0.9862214882438535,False,249
Technology,SteelMaterials,2,-0.06905930853874204,0.2786545911105884,False,248
Technology,SteelMaterials,3,-0.09068865074071893,0.15532143420377365,False,247
Technology,SteelMaterials,4,-0.0566731215428374,0.3761202382129158,False,246
Technology,SteelMaterials,5,-0.012273982868499976,0.8484136246421019,False,245
Technology,Technology,0,0.12892868893190185,0.04166668419688764,True,250
Technology,Technology,1,-0.021493291322477754,0.7357469002003435,False,249
Technology,Technology,2,-0.12770388207255298,0.04452056998996444,True,248
Technology,Technology,3,-0.15322391160094515,0.01594655131431705,True,247
Technology,Technology,4,-0.05998952830362997,0.3487838097895666,False,246
Technology,Technology,5,-0.052137966487285775,0.41652342420008104,False,245
Technology,ConsumerStaples,0,0.0634391807988771,0.317774675482196,False,250
Technology,ConsumerStaples,1,-0.011772849602457378,0.8533513284506495,False,249
Technology,ConsumerStaples,2,-0.07525132477710425,0.2377032560035277,False,248
Technology,ConsumerStaples,3,-0.0971376104869944,0.12788483573515969,False,247
Technology,ConsumerStaples,4,-0.1246472731230952,0.050857444047965224,False,246
Technology,ConsumerStaples,5,0.06024042039279875,0.34776019365144667,False,245
Technology,ConsumerDiscretionary,0,0.054578234966372,0.3901895955157283,False,250
Technology,ConsumerDiscretionary,1,-0.01706350731174975,0.7887591395931202,False,249
Technology,ConsumerDiscretionary,2,-0.06310794625388541,0.32227626460714714,False,248
Technology,ConsumerDiscretionary,3,-0.004860459675657965,0.9394182344810758,False,247
Technology,ConsumerDiscretionary,4,-0.060383892297600765,0.3456187372994792,False,246
Technology,ConsumerDiscretionary,5,0.025007192386635076,0.6969184193204595,False,245
Technology,Energy,0,0.11401176956831721,0.07193610312114841,False,250
Technology,Energy,1,-0.010073228144572387,0.8743330341909727,False,249
Technology,Energy,2,-0.15880709277167052,0.012273776985649344,True,248
Technology,Energy,3,-0.1577508728241194,0.01305610835214521,True,247
Technology,Energy,4,-0.05158466912265157,0.42053722233073565,False,246
Technology,Energy,5,0.13078446357655993,0.04081295266314457,True,245
Technology,IndustrialLogistics,0,0.09549939349105067,0.13210455436903606,False,250
Technology,IndustrialLogistics,1,0.02221379906329221,0.7272341109029515,False,249
Technology,IndustrialLogistics,2,-0.13405135102713345,0.034866133073816405,True,248
Technology,IndustrialLogistics,3,-0.1763096255817999,0.005458229634227657,True,247
Technology,IndustrialLogistics,4,-0.05101856063865624,0.42566115936201165,False,246
Technology,IndustrialLogistics,5,0.04967870229748414,0.43887394118271517,False,245
Technology,Healthcare,0,-0.013204584366176254,0.8354276536817445,False,250
Technology,Healthcare,1,0.04149853210056644,0.5145161971485875,False,249
Technology,Healthcare,2,-0.13110825467198184,0.03909572200019006,True,248
Technology,Healthcare,3,0.04613324128911922,0.4704498090990156,False,247
Technology,Healthcare,4,-0.022050037488412905,0.7307547458317016,False,246
Technology,Healthcare,5,-0.11135441708424237,0.08195169942676477,False,245
Technology,Utilities,0,0.17440576340994177,0.005692276116353305,True,250
Technology,Utilities,1,-0.015442309895934418,0.8084207312094012,False,249
Technology,Utilities,2,-0.15181520513491548,0.016729722597451313,True,248
Technology,Utilities,3,-0.19823751338416049,0.0017428727401357909,True,247
Technology,Utilities,4,-0.1554052562942766,0.014692826889161117,True,246
Technology,Utilities,5,0.019086456612889685,0.7662759903951846,False,245
ConsumerStaples,Banking,0,-0.051123897976500805,0.4209263148686562,False,250
ConsumerStaples,Banking,1,-0.05788073848495191,0.36308112897657374,False,249
ConsumerStaples,Banking,2,-0.11233493948293036,0.07744484846730776,False,248
ConsumerStaples,Banking,3,-0.03333101078881365,0.6021399404694252,False,247
ConsumerStaples,Banking,4,-0.02733224053108275,0.6696810831518403,False,246
ConsumerStaples,Banking,5,0.004190038819673513,0.9479754576157662,False,245
ConsumerStaples,RealEstate,0,0.050737960849946744,0.4244459665734218,False,250
ConsumerStaples,RealEstate,1,0.04295611327264971,0.499842945161132,False,249
ConsumerStaples,RealEstate,2,0.06277494925003488,0.32484126357621423,False,248
ConsumerStaples,RealEstate,3,-0.04068151775330622,0.5245284067921038,False,247
ConsumerStaples,RealEstate,4,0.055960516879701744,0.38216122238522066,False,246
ConsumerStaples,RealEstate,5,-0.05020777625270531,0.4340085823298413,False,245
ConsumerStaples,SteelMaterials,0,-0.01011318130113375,0.8735852488540252,False,250
ConsumerStaples,SteelMaterials,1,-0.07407640382391442,0.2441707797898423,False,249
ConsumerStaples,SteelMaterials,2,-0.0937696603797867,0.14089346392748753,False,248
ConsumerStaples,SteelMaterials,3,-0.04633944739610471,0.46846620117870824,False,247
ConsumerStaples,SteelMaterials,4,-0.07584137837193089,0.23594837177326977,False,246
ConsumerStaples,SteelMaterials,5,0.019276183984694766,0.7640208770675573,False,245
ConsumerStaples,Technology,0,0.015917971172326767,0.8022472839166631,False,250
ConsumerStaples,Technology,1,-0.06924188091932539,0.27640639544583095,False,249
ConsumerStaples,Technology,2,-0.0984920217727298,0.12186769811950246,False,248
ConsumerStaples,Technology,3,-0.188422553921954,0.0029495599610072066,True,247
ConsumerStaples,Technology,4,-0.15525683481766628,0.014789040675871359,True,246
ConsumerStaples,Technology,5,-0.04740653712467438,0.4601193657970749,False,245
ConsumerStaples,ConsumerStaples,0,-0.056321193199127983,0.375209476336691,False,250
ConsumerStaples,ConsumerStaples,1,-0.08379209021823755,0.18754293646197734,False,249
ConsumerStaples,ConsumerStaples,2,-0.18153525196735434,0.0041275288520583086,True,248
ConsumerStaples,ConsumerStaples,3,-0.05327774502593529,0.4044667451334831,False,247
ConsumerStaples,ConsumerStaples,4,-0.06058028246520631,0.34404936366012717,False,246
ConsumerStaples,ConsumerStaples,5,-0.028338635280990853,0.6589306602491762,False,245
ConsumerStaples,ConsumerDiscretionary,0,0.035247218736516095,0.5791088444783339,False,250
ConsumerStaples,ConsumerDiscretionary,1,-0.058748273860163694,0.355921134466843,False,249
ConsumerStaples,ConsumerDiscretionary,2,-0.06383937450800051,0.3166884816706039,False,248
ConsumerStaples,ConsumerDiscretionary,3,-0.06605488555647265,0.30113722013913663,False,247
ConsumerStaples,ConsumerDiscretionary,4,-0.08001392139493764,0.21108645829673212,False,246
ConsumerStaples,ConsumerDiscretionary,5,-0.018513688227437042,0.7730958324609102,False,245
ConsumerStaples,Energy,0,0.1678619352727751,0.007820381381999426,True,250
ConsumerStaples,Energy,1,0.02774917328878103,0.6630143236954179,False,249
ConsumerStaples,Energy,2,-0.011613050208242982,0.8556104270886082,False,248
ConsumerStaples,Energy,3,-0.09222467841561172,0.14841465941403736,False,247
ConsumerStaples,Energy,4,-0.06471599161317307,0.3120542338654021,False,246
ConsumerStaples,Energy,5,-0.06330926749697043,0.32370668150921633,False,245
ConsumerStaples,IndustrialLogistics,0,0.08788921390756191,0.1659398274817923,False,250
ConsumerStaples,IndustrialLogistics,1,-0.017104793419340254,0.7882601138671433,False,249
ConsumerStaples,IndustrialLogistics,2,-0.033125063938166464,0.6036483954862123,False,248
ConsumerStaples,IndustrialLogistics,3,-0.11175824991308246,0.07960116736580561,False,247
ConsumerStaples,IndustrialLogistics,4,-0.16700000329689607,0.008679986904731783,True,246
ConsumerStaples,IndustrialLogistics,5,-0.045338062859055575,0.47994746184104586,False,245
ConsumerStaples,Healthcare,0,-0.05565552757607396,0.380888463169021,False,250
ConsumerStaples,Healthcare,1,-0.0727183257145966,0.2529488317120789,False,249
ConsumerStaples,Healthcare,2,-0.06647527777729191,0.2970785623329836,False,248
ConsumerStaples,Healthcare,3,-0.034151540306461024,0.5932261135949743,False,247
ConsumerStaples,Healthcare,4,-0.052820290852059644,0.4094792675601958,False,246
ConsumerStaples,Healthcare,5,-0.039471645433550875,0.538614780121519,False,245
ConsumerStaples,Utilities,0,0.10656787058875432,0.09269830624381162,False,250
ConsumerStaples,Utilities,1,0.045755107645589856,0.47229679574190087,False,249
ConsumerStaples,Utilities,2,-0.05358340880775613,0.4008113615439483,False,248
ConsumerStaples,Utilities,3,-0.1160542665169252,0.06863097752876801,False,247
ConsumerStaples,Utilities,4,-0.16119924623091647,0.011340915827547779,True,246
ConsumerStaples,Utilities,5,-0.11065343194936679,0.0839068024073402,False,245
ConsumerDiscretionary,Banking,0,0.009021179153025562,0.8871389144127757,False,250
ConsumerDiscretionary,Banking,1,-0.11707667934108874,0.06511158298861598,False,249
ConsumerDiscretionary,Banking,2,-0.007096669590768642,0.9114615144332981,False,248
ConsumerDiscretionary,Banking,3,-0.01184772826259933,0.8530222472828777,False,247
ConsumerDiscretionary,Banking,4,-0.0288929461680182,0.6520225340596552,False,246
ConsumerDiscretionary,Banking,5,0.06690701389214311,0.296914052759241,False,245
ConsumerDiscretionary,RealEstate,0,0.015708610285178372,0.8047956630089512,False,250
ConsumerDiscretionary,RealEstate,1,-0.14300760616789587,0.024015590020068242,True,249
ConsumerDiscretionary,RealEstate,2,0.008797504369711613,0.8903621467217372,False,248
ConsumerDiscretionary,RealEstate,3,-0.01908959159260671,0.7653049106497775,False,247
ConsumerDiscretionary,RealEstate,4,-0.02708954622832274,0.6724437307627539,False,246
ConsumerDiscretionary,RealEstate,5,-0.040509341365157686,0.5279830380542485,False,245
ConsumerDiscretionary,SteelMaterials,0,-0.12192531188603352,0.054187305945379835,False,250
ConsumerDiscretionary,SteelMaterials,1,-0.13696180391251314,0.030731066595795394,True,249
ConsumerDiscretionary,SteelMaterials,2,-0.0323161739339842,0.6125219279999841,False,248
ConsumerDiscretionary,SteelMaterials,3,0.004723506960481651,0.9411221137116623,False,247
ConsumerDiscretionary,SteelMaterials,4,-0.16976824563741796,0.007617997771038068,True,246
ConsumerDiscretionary,SteelMaterials,5,-0.09594928632893533,0.1342318202732058,False,245
ConsumerDiscretionary,Technology,0,0.01261037408847508,0.8427351125407391,False,250
ConsumerDiscretionary,Technology,1,-0.1417968208371088,0.02524875746229035,True,249
ConsumerDiscretionary,Technology,2,-0.07335772689778226,0.24975128679221437,False,248
ConsumerDiscretionary,Technology,3,0.03884940271850611,0.543387370606105,False,247
ConsumerDiscretionary,Technology,4,-0.16372797765669744,0.010103258714707802,True,246
ConsumerDiscretionary,Technology,5,-0.0021960360969986506,0.9727195361957023,False,245
ConsumerDiscretionary,ConsumerStaples,0,-0.05999062293914888,0.344846534424487,False,250
ConsumerDiscretionary,ConsumerStaples,1,-0.11003959122932742,0.08310905315736498,False,249
ConsumerDiscretionary,ConsumerStaples,2,-0.04721068135253703,0.4592203307918848,False,248
ConsumerDiscretionary,ConsumerStaples,3,-0.13860899973801272,0.029414618639141264,True,247
ConsumerDiscretionary,ConsumerStaples,4,-0.06280763170464478,0.32656767352152416,False,246
ConsumerDiscretionary,ConsumerStaples,5,0.010168230412743413,0.8741824834123448,False,245
ConsumerDiscretionary,ConsumerDiscretionary,0,0.0603569573985462,0.34190324108294134,False,250
ConsumerDiscretionary,ConsumerDiscretionary,1,-0.16523724219918762,0.008994554667703266,True,249
ConsumerDiscretionary,ConsumerDiscretionary,2,-0.043573930486367346,0.4945684709036189,False,248
ConsumerDiscretionary,ConsumerDiscretionary,3,-0.035929511416732104,0.5741202811672549,False,247
ConsumerDiscretionary,ConsumerDiscretionary,4,-0.054070615291651886,0.39846660951681934,False,246
ConsumerDiscretionary,ConsumerDiscretionary,5,-0.035891408486641616,0.5760958209316639,False,245
ConsumerDiscretionary,Energy,0,0.025411264412475272,0.6892755651927155,False,250
ConsumerDiscretionary,Energy,1,-0.03156198904298005,0.6201362145732779,False,249
ConsumerDiscretionary,Energy,2,0.13187220155862098,0.03795822301359336,True,248
ConsumerDiscretionary,Energy,3,-0.06144937971381373,0.336168570898554,False,247
ConsumerDiscretionary,Energy,4,-0.08437745232894239,0.18716188575656584,False,246
ConsumerDiscretionary,Energy,5,0.17996982336385905,0.004718105946077743,True,245
ConsumerDiscretionary,IndustrialLogistics,0,-0.05906637950642883,0.352343451487366,False,250
ConsumerDiscretionary,IndustrialLogistics,1,-0.1205232626599137,0.057540266432159745,False,249
ConsumerDiscretionary,IndustrialLogistics,2,-0.0019209902141505489,0.975988115671089,False,248
ConsumerDiscretionary,IndustrialLogistics,3,-0.007437589535650385,0.9074151281025375,False,247
ConsumerDiscretionary,IndustrialLogistics,4,-0.13937145086663688,0.028852232510869817,True,246
ConsumerDiscretionary,IndustrialLogistics,5,-0.023380218729321667,0.7157560361175428,False,245
ConsumerDiscretionary,Healthcare,0,0.012884571783170339,0.8393613810033357,False,250
ConsumerDiscretionary,Healthcare,1,-0.18500251910758114,0.0033903302438862966,True,249
ConsumerDiscretionary,Healthcare,2,0.015793209024879563,0.8045440137304909,False,248
ConsumerDiscretionary,Healthcare,3,0.08132165171167036,0.20277060897012525,False,247
ConsumerDiscretionary,Healthcare,4,-0.08668386573785632,0.17535036925498323,False,246
ConsumerDiscretionary,Healthcare,5,-0.03665796977584333,0.5679687450744019,False,245
ConsumerDiscretionary,Utilities,0,-0.022814414343758412,0.7196201551113499,False,250
ConsumerDiscretionary,Utilities,1,-0.1556205502945019,0.013960044987364563,True,249
ConsumerDiscretionary,Utilities,2,0.04648093098466492,0.46619842640616455,False,248
ConsumerDiscretionary,Utilities,3,0.0332344181512858,0.6031932104816814,False,247
ConsumerDiscretionary,Utilities,4,-0.09786762041667421,0.12580578181458632,False,246
ConsumerDiscretionary,Utilities,5,-0.06475060016409112,0.31279064362898523,False,245
Energy,Banking,0,0.01051807232570659,0.8685689789683214,False,250
Energy,Banking,1,0.05591348658084629,0.37964642079992605,False,249
Energy,Banking,2,0.0685304890000694,0.2823607123624786,False,248
Energy,Banking,3,0.02887930796743495,0.6515097033779748,False,247
Energy,Banking,4,0.05024984941028541,0.43267654075732337,False,246
Energy,Banking,5,-0.03653566691135729,0.569261736616428,False,245
Energy,RealEstate,0,0.0508825993007386,0.4231249005885321,False,250
Energy,RealEstate,1,0.05248279258318726,0.4096181109653057,False,249
Energy,RealEstate,2,0.01985816469946663,0.7556657104490117,False,248
Energy,RealEstate,3,-0.03205703852455514,0.6160972619457922,False,247
Energy,RealEstate,4,0.030783051555009926,0.63089457185681,False,246
Energy,RealEstate,5,0.053316835442132976,0.40605060499397316,False,245
Energy,SteelMaterials,0,0.034980841659380826,0.5819817390574745,False,250
Energy,SteelMaterials,1,0.09866009315264859,0.12047398745910405,False,249
Energy,SteelMaterials,2,0.06394111020849047,0.3159163016121091,False,248
Energy,SteelMaterials,3,0.042930128925108356,0.5018465379430648,False,247
Energy,SteelMaterials,4,-0.07198031791679921,0.26072611098844006,False,246
Energy,SteelMaterials,5,-0.1150606374607536,0.07221682961033664,False,245
Energy,Technology,0,0.09163143138576361,0.14857023779179757,False,250
Energy,Technology,1,0.11551987269638721,0.06878981133129723,False,249
Energy,Technology,2,0.1149090560847038,0.07085030647288823,False,248
Energy,Technology,3,0.05674872846033474,0.3745041290202033,False,247
Energy,Technology,4,0.046847474163254556,0.46451455506842754,False,246
Energy,Technology,5,-0.012239200391038655,0.8488380435407112,False,245
Energy,ConsumerStaples,0,0.13866635743951,0.02837078764818213,True,250
Energy,ConsumerStaples,1,0.10498630116224822,0.09835306470139571,False,249
Energy,ConsumerStaples,2,0.08758446016423665,0.16914480537023224,False,248
Energy,ConsumerStaples,3,-0.012436586368311941,0.8458060391721077,False,247
Energy,ConsumerStaples,4,0.004508379768642351,0.9439139859401049,False,246
Energy,ConsumerStaples,5,-0.13243137868475707,0.038320470552920226,True,245
Energy,ConsumerDiscretionary,0,-0.029061082138149178,0.6474627064980761,False,250
Energy,ConsumerDiscretionary,1,0.029118213522811163,0.6474822525877626,False,249
Energy,ConsumerDiscretionary,2,0.13823664066278377,0.029524297198701775,True,248
Energy,ConsumerDiscretionary,3,0.06456996037188531,0.31215807975008336,False,247
Energy,ConsumerDiscretionary,4,-0.07079214858014823,0.2686985733692516,False,246
Energy,ConsumerDiscretionary,5,-0.16397607102872655,0.010142554395542389,True,245
Energy,Energy,0,0.07871062695579305,0.21489687456419207,False,250
Energy,Energy,1,0.07036192572676292,0.26869309954333453,False,249
Energy,Energy,2,0.11604858505931807,0.06808086764883617,False,248
Energy,Energy,3,0.06818798062943172,0.2857618572820309,False,247
Energy,Energy,4,0.20148652693019486,0.0014894052972341148,True,246
Energy,Energy,5,0.12415715890356951,0.05226496939126176,False,245
Energy,IndustrialLogistics,0,0.08643433435478105,0.1730878579368144,False,250
Energy,IndustrialLogistics,1,0.1329102084514742,0.036078398486827506,True,249
Energy,IndustrialLogistics,2,0.007097231502681135,0.9114545326589842,False,248
Energy,IndustrialLogistics,3,0.01784501185210719,0.7802018724546651,False,247
Energy,IndustrialLogistics,4,0.017426602473018873,0.7856572921915108,False,246
Energy,IndustrialLogistics,5,-0.06970557525637759,0.27712187086086415,False,245
Energy,Healthcare,0,0.010077754016653943,0.8740244074468182,False,250
Energy,Healthcare,1,0.08279251783577113,0.19287987118608502,False,249
Energy,Healthcare,2,0.1359121020277128,0.032397620502192075,True,248
Energy,Healthcare,3,-0.005634298815187656,0.9297960191699951,False,247
Energy,Healthcare,4,-0.010914019400178061,0.8647640494873856,False,246
Energy,Healthcare,5,-0.06440967607470016,0.31535064455334066,False,245
Energy,Utilities,0,0.003985220379440142,0.950008320736358,False,250
Energy,Utilities,1,-0.03266758103975252,0.60793109470053,False,249
Energy,Utilities,2,0.07074132229350431,0.2670859776898635,False,248
Energy,Utilities,3,0.012210268825845083,0.8485779791031937,False,247
Energy,Utilities,4,0.03387720923481234,0.5969519448555868,False,246
Energy,Utilities,5,-0.04155068886199171,0.5174217899038055,False,245
IndustrialLogistics,Banking,0,0.004543760556771855,0.9430129670712512,False,250
IndustrialLogistics,Banking,1,0.0003921366664990829,0.9950877134160158,False,249
IndustrialLogistics,Banking,2,0.023535371335761553,0.7122663497936874,False,248
IndustrialLogistics,Banking,3,0.013205963691567901,0.8363970700393342,False,247
IndustrialLogistics,Banking,4,0.08553699369838141,0.1811526921309168,False,246
IndustrialLogistics,Banking,5,-0.03575191518916378,0.5775805730612028,False,245
IndustrialLogistics,RealEstate,0,0.01784666461372655,0.7788724324796584,False,250
IndustrialLogistics,RealEstate,1,-0.13301141292884613,0.03593579940175735,True,249
IndustrialLogistics,RealEstate,2,0.05167004982745352,0.4178647618478989,False,248
IndustrialLogistics,RealEstate,3,-0.043723214038565446,0.49397152422643953,False,247
IndustrialLogistics,RealEstate,4,-0.029408835942097124,0.6462272907535561,False,246
IndustrialLogistics,RealEstate,5,-0.13230869618670005,0.03850160038253485,True,245
IndustrialLogistics,SteelMaterials,0,-0.058405683975210905,0.35776498170822424,False,250
IndustrialLogistics,SteelMaterials,1,0.007993200362900143,0.9001293671636429,False,249
IndustrialLogistics,SteelMaterials,2,0.04701746849464637,0.4610622100197471,False,248
IndustrialLogistics,SteelMaterials,3,-0.01897774530169695,0.7666402192396874,False,247
IndustrialLogistics,SteelMaterials,4,-0.0013545088625675251,0.9831368106542763,False,246
IndustrialLogistics,SteelMaterials,5,-0.1187529238864482,0.06347584928108876,False,245
IndustrialLogistics,Technology,0,0.08139512667765683,0.19961489261310028,False,250
IndustrialLogistics,Technology,1,-8.645359524601243e-05,0.9989169914233341,False,249
IndustrialLogistics,Technology,2,-0.026294785728868925,0.680288148897099,False,248
IndustrialLogistics,Technology,3,-0.014612504002001387,0.8192569354239936,False,247
IndustrialLogistics,Technology,4,0.12128407018448459,0.05748616736599214,False,246
IndustrialLogistics,Technology,5,-0.048910295465829506,0.44599536090063385,False,245
IndustrialLogistics,ConsumerStaples,0,-0.005060192568422141,0.9365488636460958,False,250
IndustrialLogistics,ConsumerStaples,1,-0.03467135836406224,0.5860866601459963,False,249
IndustrialLogistics,ConsumerStaples,2,0.03908606348605794,0.5401061795906736,False,248
IndustrialLogistics,ConsumerStaples,3,-0.030264206556837883,0.6359741362248694,False,247
IndustrialLogistics,ConsumerStaples,4,0.07817652095514924,0.22179216698508045,False,246
IndustrialLogistics,ConsumerStaples,5,-0.1605109120416081,0.011873616501889112,True,245
IndustrialLogistics,ConsumerDiscretionary,0,-0.023048698495839716,0.7168635591859204,False,250
IndustrialLogistics,ConsumerDiscretionary,1,-0.04948211996662605,0.4369451184002817,False,249
IndustrialLogistics,ConsumerDiscretionary,2,0.06061891986529334,0.34176711840367635,False,248
IndustrialLogistics,ConsumerDiscretionary,3,0.08232015847658641,0.19726265539161733,False,247
IndustrialLogistics,ConsumerDiscretionary,4,0.10624494914526594,0.09639079757919726,False,246
IndustrialLogistics,ConsumerDiscretionary,5,-0.1440556676385116,0.024128841043199904,True,245
IndustrialLogistics,Energy,0,0.08229499466602302,0.194673181497791,False,250
IndustrialLogistics,Energy,1,-0.028125619250178504,0.6587287244959087,False,249
IndustrialLogistics,Energy,2,-0.0016187544434195268,0.9797651049390218,False,248
IndustrialLogistics,Energy,3,0.18448343247179627,0.0036178335206596825,True,247
IndustrialLogistics,Energy,4,0.2676751545423487,2.0920234300713376e-05,True,246
IndustrialLogistics,Energy,5,0.16636040376510747,0.009084971158943278,True,245
IndustrialLogistics,IndustrialLogistics,0,0.012751502089639315,0.8409983096225389,False,250
IndustrialLogistics,IndustrialLogistics,1,-0.054004315703362366,0.3961566650051902,False,249
IndustrialLogistics,IndustrialLogistics,2,-0.016795712499807484,0.792410728919098,False,248
IndustrialLogistics,IndustrialLogistics,3,0.017850414432111043,0.7801370284093291,False,247
IndustrialLogistics,IndustrialLogistics,4,0.116411707991781,0.06834143302336454,False,246
IndustrialLogistics,IndustrialLogistics,5,-0.041448345791856585,0.5184549070853508,False,245
IndustrialLogistics,Healthcare,0,-0.007862012645817054,0.9015621037843571,False,250
IndustrialLogistics,Healthcare,1,-0.05959970980971087,0.34898069854979735,False,249
IndustrialLogistics,Healthcare,2,-0.060281769213810774,0.34446373608146835,False,248
IndustrialLogistics,Healthcare,3,0.04968063221676811,0.4369747460249502,False,247
IndustrialLogistics,Healthcare,4,-0.11073747500749875,0.083035591828608,False,246
IndustrialLogistics,Healthcare,5,-0.013398556309766918,0.8347156804061078,False,245
IndustrialLogistics,Utilities,0,0.05040007245855131,0.42754141656423506,False,250
IndustrialLogistics,Utilities,1,-0.019361806045023276,0.7611162052974274,False,249
IndustrialLogistics,Utilities,2,-0.009675378868606532,0.8795010167446603,False,248
IndustrialLogistics,Utilities,3,0.10084987717307856,0.11388407609184903,False,247
IndustrialLogistics,Utilities,4,0.07202922167722468,0.2604014948348053,False,246
IndustrialLogistics,Utilities,5,-0.032129022756442284,0.6167539385780525,False,245
Healthcare,Banking,0,-0.004659041118946269,0.941569678731562,False,250
Healthcare,Banking,1,0.11132953828635782,0.079539282553122,False,249
Healthcare,Banking,2,0.04107664111232193,0.5196536622341751,False,248
Healthcare,Banking,3,0.04750609515770766,0.45733070087202204,False,247
Healthcare,Banking,4,0.10109848345987714,0.11373028051683001,False,246
Healthcare,Banking,5,0.01543760559828683,0.8100082932364981,False,245
Healthcare,RealEstate,0,0.025024764696266986,0.6937619311052996,False,250
Healthcare,RealEstate,1,-0.01443111789522156,0.8207463160292742,False,249
Healthcare,RealEstate,2,-0.034234550913625685,0.5915716703486331,False,248
Healthcare,RealEstate,3,-0.002295343472435544,0.9713691021147333,False,247
Healthcare,RealEstate,4,-0.053511811457506116,0.40336638835439653,False,246
Healthcare,RealEstate,5,-0.07212683538005939,0.26073509785303517,False,245
Healthcare,SteelMaterials,0,-0.09191699272017097,0.1473037319452733,False,250
Healthcare,SteelMaterials,1,0.04135910893772649,0.5159313191611047,False,249
Healthcare,SteelMaterials,2,0.011838464848624969,0.8528392599390365,False,248
Healthcare,SteelMaterials,3,-0.023026185437884452,0.7187746091635187,False,247
Healthcare,SteelMaterials,4,0.02059772827293362,0.7478683188436103,False,246
Healthcare,SteelMaterials,5,0.01631397993277914,0.7994451951446869,False,245
Healthcare,Technology,0,0.03449271962435774,0.5872632730419719,False,250
Healthcare,Technology,1,0.1056147149459793,0.0963444396641082,False,249
Healthcare,Technology,2,0.09340723523302097,0.14244251395268767,False,248
Healthcare,Technology,3,0.0451620178434009,0.4798542259086828,False,247
Healthcare,Technology,4,0.09007934858218372,0.15898055285909138,False,246
Healthcare,Technology,5,-0.007545483338643357,0.9064613325406894,False,245
Healthcare,ConsumerStaples,0,-0.03807379343243418,0.5490395895995777,False,250
Healthcare,ConsumerStaples,1,0.06840498240884917,0.2822668040933293,False,249
Healthcare,ConsumerStaples,2,0.014491403934510073,0.8203694287575831,False,248
Healthcare,ConsumerStaples,3,-0.003461937988260451,0.9568293618733316,False,247
Healthcare,ConsumerStaples,4,0.09787517822554935,0.12577641907281734,False,246
Healthcare,ConsumerStaples,5,0.06806496156564867,0.28861362299117493,False,245
Healthcare,ConsumerDiscretionary,0,0.03347895801430541,0.5983021518169847,False,250
Healthcare,ConsumerDiscretionary,1,0.07411086684276123,0.24395082631407064,False,249
Healthcare,ConsumerDiscretionary,2,0.008051686386077783,0.8996056392128586,False,248
Healthcare,ConsumerDiscretionary,3,-0.0061953186018772755,0.9228263738532779,False,247
Healthcare,ConsumerDiscretionary,4,0.06569583863986553,0.3047690432813418,False,246
Healthcare,ConsumerDiscretionary,5,0.020350478067652486,0.7512897480674718,False,245
Healthcare,Energy,0,0.0382450488965304,0.547242659072991,False,250
Healthcare,Energy,1,0.14057149349934803,0.02655180741312254,True,249
Healthcare,Energy,2,0.06741277963828618,0.2903028109069728,False,248
Healthcare,Energy,3,0.05323651585782939,0.40483100245767095,False,247
Healthcare,Energy,4,-0.03287331279305263,0.6078740812855755,False,246
Healthcare,Energy,5,0.013548149018862438,0.8328972114746848,False,245
Healthcare,IndustrialLogistics,0,-0.10324571904752913,0.10339089857156677,False,250
Healthcare,IndustrialLogistics,1,0.07468646481381055,0.2402976199793273,False,249
Healthcare,IndustrialLogistics,2,0.06655994783484778,0.296462331183966,False,248
Healthcare,IndustrialLogistics,3,-0.02022657648991561,0.7517706562061642,False,247
Healthcare,IndustrialLogistics,4,0.1379633053462683,0.03052552192001008,True,246
Healthcare,IndustrialLogistics,5,-0.04315001846050545,0.5014157954183833,False,245
Healthcare,Healthcare,0,-0.027608369299248845,0.6639821693330892,False,250
Healthcare,Healthcare,1,0.06891828183431924,0.27866255622031477,False,249
Healthcare,Healthcare,2,0.07666138685105252,0.22900085517675683,False,248
Healthcare,Healthcare,3,0.018814960704784188,0.7685848996381349,False,247
Healthcare,Healthcare,4,-0.003907571517860534,0.9513783671067568,False,246
Healthcare,Healthcare,5,-0.0018432092145928827,0.977101250539598,False,245
Healthcare,Utilities,0,-0.06376256009241116,0.3153090811982844,False,250
Healthcare,Utilities,1,0.015944101276846447,0.8023216092330655,False,249
Healthcare,Utilities,2,0.0897773105855795,0.15868156128509547,False,248
Healthcare,Utilities,3,-0.013595652320221195,0.8316402114092193,False,247
Healthcare,Utilities,4,0.06692621917324475,0.29578128081300376,False,246
Healthcare,Utilities,5,-0.015565609183280416,0.808463247066835,False,245
Utilities,Banking,0,0.015331137846959804,0.809395522292103,False,250
Utilities,Banking,1,-0.014666895022816985,0.8178683348177339,False,249
Utilities,Banking,2,0.08144867702725617,0.20114371619238045,False,248
Utilities,Banking,3,-0.0027863028953424573,0.9652486453157263,False,247
Utilities,Banking,4,0.06821592937386127,0.2865513231708637,False,246
Utilities,Banking,5,0.0070316416260692675,0.9128050593820997,False,245
Utilities,RealEstate,0,0.037922321954961584,0.5506313406343347,False,250
Utilities,RealEstate,1,-0.026148224417745232,0.681361392551575,False,249
Utilities,RealEstate,2,0.08780295530587953,0.16807973777224136,False,248
Utilities,RealEstate,3,-0.012374448543517349,0.8465669166171141,False,247
Utilities,RealEstate,4,-0.040409698128931526,0.5281510356391961,False,246
Utilities,RealEstate,5,-0.1118193195854501,0.08067542339968453,False,245
Utilities,SteelMaterials,0,-0.0399096984247381,0.5299281968213445,False,250
Utilities,SteelMaterials,1,-0.05420666068511084,0.39438667048184795,False,249
Utilities,SteelMaterials,2,-0.0028713972906819936,0.9641149174694486,False,248
Utilities,SteelMaterials,3,0.0049870655324528584,0.9378433293056867,False,247
Utilities,SteelMaterials,4,-0.047367474234808214,0.4595663277847275,False,246
Utilities,SteelMaterials,5,-0.05701759990159451,0.3742043073183706,False,245
Utilities,Technology,0,0.11514834656296466,0.06912814987323213,False,250
Utilities,Technology,1,0.016593076846665354,0.7944512756714834,False,249
Utilities,Technology,2,0.06599822532669927,0.3005664642664389,False,248
Utilities,Technology,3,0.03758913320380864,0.5565519021578971,False,247
Utilities,Technology,4,0.08082022011292969,0.20650767075888646,False,246
Utilities,Technology,5,-0.023123626713923155,0.7187430550344286,False,245
Utilities,ConsumerStaples,0,0.028251010301873956,0.6566537727241951,False,250
Utilities,ConsumerStaples,1,-0.01122821392312053,0.860064331240806,False,249
Utilities,ConsumerStaples,2,0.03293185835445059,0.6057626399267622,False,248
Utilities,ConsumerStaples,3,-0.018232457433616574,0.7755554663970926,False,247
Utilities,ConsumerStaples,4,0.017522692044024714,0.7845043247605117,False,246
Utilities,ConsumerStaples,5,-0.033724136901684604,0.5993634258415698,False,245
Utilities,ConsumerDiscretionary,0,0.09711246637358732,0.12566819649210814,False,250
Utilities,ConsumerDiscretionary,1,-0.01481054028571846,0.8161161412656319,False,249
Utilities,ConsumerDiscretionary,2,0.08922933028359949,0.16124945634373164,False,248
Utilities,ConsumerDiscretionary,3,0.04228848443402399,0.5082658049680994,False,247
Utilities,ConsumerDiscretionary,4,-0.007682203972518209,0.9045792027519668,False,246
Utilities,ConsumerDiscretionary,5,-0.08362336974451787,0.1920614829376818,False,245
Utilities,Energy,0,-0.009358796520655507,0.8829447957329387,False,250
Utilities,Energy,1,0.13124454231695326,0.038495114871543605,True,249
Utilities,Energy,2,0.10916836092467538,0.0862296239434776,False,248
Utilities,Energy,3,0.03838059466055845,0.5482664083086128,False,247
Utilities,Energy,4,0.027482287358851977,0.6679752803484557,False,246
Utilities,Energy,5,0.13622343310393373,0.03306653462121514,True,245
Utilities,IndustrialLogistics,0,0.0014769896100005828,0.9814618366812468,False,250
Utilities,IndustrialLogistics,1,0.06644235891538909,0.296336572860344,False,249
Utilities,IndustrialLogistics,2,0.047963905184061725,0.45207917771517253,False,248
Utilities,IndustrialLogistics,3,0.013450153377601646,0.8334155835885196,False,247
Utilities,IndustrialLogistics,4,0.0808172429932398,0.2065244442598998,False,246
Utilities,IndustrialLogistics,5,-0.049077493031922104,0.4444402681414243,False,245
Utilities,Healthcare,0,0.02950132608001519,0.6424899066938196,False,250
Utilities,Healthcare,1,0.08675984218904342,0.17233690078222896,False,249
Utilities,Healthcare,2,-0.0575830117394797,0.3665331189259019,False,248
Utilities,Healthcare,3,0.08480907745181376,0.18400873391750794,False,247
Utilities,Healthcare,4,-0.0007751425185197405,0.9903492506310763,False,246
Utilities,Healthcare,5,0.05172230625716829,0.42025349358114766,False,245
Utilities,Utilities,0,-0.027944250452113555,0.6601478876085749,False,250
Utilities,Utilities,1,0.03988096485236958,0.531056700529799,False,249
Utilities,Utilities,2,0.024472120090314978,0.7013507153871286,False,248
Utilities,Utilities,3,-0.03775928375436664,0.554765555652801,False,247
Utilities,Utilities,4,0.009683139274360913,0.8798935833188141,False,246
Utilities,Utilities,5,0.040171673979663924,0.5314309186857165,False,245
