trade_date,ret_Banking,ret_RealEstate,ret_SteelMaterials,ret_Technology,ret_ConsumerStaples,ret_ConsumerDiscretionary,ret_Energy,ret_IndustrialLogistics,ret_Healthcare,ret_Utilities,sent_Banking,sent_RealEstate,sent_SteelMaterials,sent_Technology,sent_ConsumerStaples,sent_ConsumerDiscretionary,sent_Energy,sent_IndustrialLogistics,sent_Healthcare,sent_Utilities
2025-06-19,0.005304200487018,0.0055549574005405,-0.0100721759520864,-0.0074178212252287,0.0002805985564606,0.0259072346060724,0.0081479728325956,-0.0127038515566909,0.0005590027391133,-0.002770083102493,0.7285714285714286,0.2368421052631578,0.7105263157894737,0.372,0.2282608695652174,0.6627906976744187,0.1399999999999999,0.4956521739130434,-0.4,0.3444444444444444
2025-06-20,0.0097708220513853,-0.0187424475104363,-0.0026298840020117,-0.0024690706937141,0.0032537885066839,0.0026358382413699,-0.0180736804531042,0.0135112462286658,0.0003309238552042,-0.0013835343486855,0.2653846153846154,0.4087719298245614,0.4666666666666666,0.4133928571428572,-0.3368421052631579,0.072465960665658,0.1853658536585365,0.160204081632653,0.7,0.4466666666666666
2025-06-23,-0.003897844615769,0.0325024639344346,-0.0094694725961481,-0.0083885059553439,-0.0033863476244005,-0.0028436948675539,0.0341842484053124,-0.0072093787241278,-0.0048562639762677,0.0046221516816306,0.3673624288425047,0.3787781350482314,0.3607779578606159,0.315625,0.0449999999999999,0.1923076923076923,0.2698564593301435,0.6513011152416358,-0.5294117647058824,0.3160493827160494
2025-06-24,0.0029615469571653,0.0256407269338303,0.0150282722349242,0.0119519396367827,0.011688558139684,-0.0017313770867311,-0.0530878300556135,0.0045819055147429,0.0101947198814247,0.006915291664154,0.2799999999999999,0.2442307692307692,0.4705882352941176,0.3282608695652174,0.04375,0.2082474226804123,0.4333333333333333,0.4923076923076923,-1.0,-0.0745454545454545
2025-06-25,-0.0001412707799461,-0.0007460112117291,0.0073228803716608,0.0030645708554857,0.011978193636738,0.005013248952458,-0.0192578791096715,-0.0086540746262282,-0.0090941439126014,4.630092063336496e-05,0.5999999999999999,0.3764705882352941,0.1781818181818181,0.6235294117647059,-0.2285714285714285,0.3883408071748879,0.3333333333333333,0.3291666666666666,0.0,0.2565217391304348
2025-06-26,-0.0009647885820371,-0.0053821526656191,-0.0004857926943596,-0.000233501479492,0.007035442786947,0.0187572794124016,0.0003282729348163,0.0071879971864184,0.0014396137161314,-0.0023497641220994,0.4051948051948052,0.1833333333333333,0.6,0.618,-0.1256756756756757,0.475,0.1090909090909091,0.50625,-0.0333333333333333,0.1163265306122449
2025-06-27,0.0058156569111296,0.0028283092400981,-0.0041658265711561,0.0310565657896961,0.0311229794044132,0.0022021557302174,-0.0035887974781753,0.0004710751039211,0.0014991206670625,0.0008129726758685,0.2,-0.0142857142857143,,0.47,-0.1736842105263157,0.2210526315789474,0.0,0.5666666666666667,0.0,0.3235294117647059
2025-06-30,0.0032963438215224,0.0023956196055503,-0.0024599142650718,0.02494915025086,-0.0029774165874121,-0.0025985424033633,0.0028681514538296,0.0265992287100311,0.0035340052717382,0.0043476349907759,0.3970684039087947,0.2384105960264901,0.195631067961165,0.4033568904593639,0.2679487179487179,0.3119201725997843,0.2980769230769232,0.4634751773049645,-0.3076923076923077,0.1532846715328467
2025-07-01,0.0097949987390772,-0.0017383746197305,0.0026548833203677,0.0047896230110976,-0.0130441386679338,-0.0054275383810811,-0.0151258205863632,-0.0182609679503332,0.0004463813381071,-0.0056579910558206,-0.0468085106382978,0.6561797752808989,0.3818181818181818,0.3953488372093023,0.2192592592592592,0.3459016393442623,0.2249999999999999,0.3325000000000001,0.1,0.0054054054054054
2025-07-02,-0.0029954224030058,-0.0029542636698485,0.0181684300939872,-0.0110183930734608,7.110307756304686e-05,0.0064025459335379,0.0004516711833785,0.0190911606881903,0.0034145519227706,-0.0099927330734059,0.3466019417475728,0.4002020202020202,0.3337796086508754,0.2449330783938814,0.3505962521294719,0.2704667176740627,0.0333333333333333,0.3808290155440414,-0.3,0.1212765957446808
2025-07-03,0.0032504465596556,-0.0063365751718987,0.006067750543824,0.0006018030259427,-0.005338210172653,-0.0056342943449234,0.0020270586100017,0.0205397401687631,0.0022586879249059,0.0120642902695397,0.7217391304347825,0.4853658536585366,0.3759999999999999,0.1272727272727272,0.2941176470588235,0.5154639175257731,0.2714285714285714,0.74,-0.2499999999999999,-0.125
2025-07-04,0.0068217368423986,-0.0037476850932507,-0.0005251647593793,0.0226190640271051,0.0032544718473305,0.0058004607393854,0.0073796724290484,-0.0043559524915456,0.0025839793281653,0.0123615904546843,0.2,-0.1,0.3125,0.1699999999999999,0.3857142857142857,0.3640287769784173,0.6000000000000001,0.5181818181818181,0.4666666666666666,0.2833333333333333
2025-07-07,0.0202524789313066,0.0100588531899243,0.0139762586154829,0.0011233011902187,0.0014548222769848,0.0021622019301024,-0.0031778148741184,-0.0076950629770211,-0.0019920240069493,-0.001351154525602,0.5094339622641509,0.2997624703087886,0.2597938144329897,0.2141119221411192,0.1571709233791748,0.310353866317169,0.2050761421319797,0.4713216957605984,0.55,0.2151408450704226
2025-07-08,0.0050098682100985,0.0197120615415992,0.0274046626362606,0.0049571193001491,0.0131352425205697,0.0033971403649259,0.0136081222927705,0.0135996623518206,0.0035749121470851,0.0094065347819107,0.32,0.475,0.75,0.2896551724137931,-0.0428571428571428,0.1390243902439024,0.0222222222222222,0.3857142857142857,,0.4551724137931035
2025-07-09,0.024801120458321,0.0117652171037185,-0.0002259781346674,-0.0088458565227773,0.0133747063762525,0.0049097195762305,0.0036425152539959,3.683408753041295e-05,0.005130639686843,0.0030972600000754,0.7473684210526316,0.1272727272727272,0.6112244897959184,0.3833333333333333,-0.181294964028777,0.3772357723577236,0.4859504132231405,0.5590361445783133,0.2727272727272727,0.2876404494382023
2025-07-10,-0.0001047606051111,0.04027280916227,0.0083167295995248,0.0232326768685261,0.0052198564900137,0.0031886622459644,0.0107775696782516,0.0034571424804317,-0.0020152930610463,-0.0018881911739054,0.4779944289693594,0.557142857142857,0.7510204081632652,0.0969696969696969,0.3357277882797732,0.3007874015748032,0.2896551724137931,0.2967213114754098,0.0,0.1935483870967742
2025-07-11,0.0045779765952133,0.0209388446898574,0.0092403384456499,5.7371137162605855e-05,-0.000829274287973,-0.0019628094657958,-0.0089685039827052,-0.0087839814537467,-0.0085549186446735,-0.0092070003000745,0.4949152542372881,0.6439024390243904,0.4426512968299712,0.4441281138790035,0.4673306772908366,0.2783147459727386,-0.2,0.3495145631067962,0.0,0.0612903225806451
2025-07-14,-0.0009028509631983,0.0221665389858377,0.0022389918843993,0.0002996583510901,-0.0034670432827273,0.0275162502854587,0.0014150408613925,-0.0099240711843815,-0.0008298592339489,0.0236392601671275,0.3393258426966292,0.496165191740413,0.3799256505576208,0.417910447761194,0.2368783473603672,0.2799043062200956,0.0592592592592592,0.2680232558139535,0.223076923076923,0.4010752688172042
2025-07-15,-0.0111336657302446,-0.0126737497286992,0.0006356612929775,-0.010618195991907,-0.0043276339817102,-0.0064259543602286,-0.0058805789265155,-0.0096709741710684,0.0003298899389219,-0.0106551133371205,0.2428571428571428,0.39,0.487012987012987,0.5228571428571429,-0.0105263157894737,0.2351598173515981,0.3102564102564102,0.399009900990099,-0.5,0.3222222222222222
2025-07-16,0.0108957559069766,0.0250688071615975,0.0118674134062168,0.0010102058146433,0.0019477846134725,0.0098715266565244,-0.0019636432576158,-0.002551732881489,0.0016597168501683,0.0133850224848703,0.1142857142857142,0.68,0.7857142857142857,0.6725274725274725,0.0,0.2936708860759494,0.2594594594594595,0.064,-1.0,0.3719008264462811
2025-07-17,0.00156534855191,0.0590426385308136,0.0003157652723222,0.0040182128518243,0.0080845641471184,-0.0017876219891155,0.0001814675953745,2.3500043697888277e-05,0.00359283013008,-0.0064955819523562,0.47117903930131,0.4987546699875467,0.3116424116424116,0.7029729729729729,-0.6354260089686099,0.2646634615384615,0.0,0.4415730337078651,0.6608695652173914,0.2505154639175257
2025-07-18,-0.0007473885179386,0.0096739432214359,-0.002255241863776,-0.0036335634000882,0.0118612252232415,0.0163293611448912,0.0110839054674385,0.0141127611852012,-0.002261957943776,0.0136704002353813,0.51,0.4434782608695653,0.3941176470588235,0.6703703703703704,0.2447368421052631,0.2663265306122448,0.2277777777777777,0.4571428571428572,0.2666666666666666,0.0864864864864864
2025-07-21,-0.0043187149215417,-0.0415288605402,0.0071659098205354,-0.0058459041881962,-0.0112810623128724,-0.0122650579931785,-0.0087863973202508,-0.0081309685459723,0.0014305744350391,0.0077569657654451,0.4627737226277372,0.4457831325301205,0.5000000000000001,0.3321428571428572,0.362962962962963,0.1764150943396226,0.2627218934911242,0.2236111111111111,0.2,0.2775700934579439
2025-07-22,0.0148740047913713,0.0372806597142345,0.005130501209335,0.0093150261661287,0.0025970338397625,0.0086507227270845,0.0009006978281546,0.0169020207891997,0.0062452610557566,-0.0015423264057773,-0.0772727272727272,0.1647058823529411,0.060377358490566,0.3837837837837837,0.069172932330827,0.3747508305647841,0.0,0.4920634920634921,0.5333333333333333,0.1775510204081632
2025-07-23,-0.0019530700553725,-0.0207242412189048,0.0244178317255451,0.0143230622525017,0.0122045440102625,0.0119973282052864,0.0128053484514041,0.0078255220695263,0.0016297381216029,0.0061172618447686,0.6461538461538462,0.4444444444444444,0.6307692307692307,0.6453125,-0.0727272727272727,0.4247619047619047,0.1846153846153846,0.24,0.16,0.1816326530612245
2025-07-24,0.0016258931792687,0.0021754849256499,-0.012586250509099,-0.004429116276106,0.0079886800617334,-0.0068999857732251,0.0136128413734125,0.0026677226595876,0.0090944379748239,0.0004496150171415,0.2909090909090909,0.1333333333333333,0.6363636363636364,0.2978723404255319,0.0,0.2842105263157894,0.1999999999999999,0.375,0.55,0.2085106382978723
2025-07-25,-0.0011788487652452,0.0058049469202858,0.008361240042197,0.0091324366537476,-0.0028978677283551,0.0005064947501137,-0.0043024287316983,0.0155473271695256,-0.0009036948947445,0.0058377283963127,0.5660377358490567,0.5593220338983051,0.5842105263157895,0.4813953488372093,0.6681818181818182,0.3245901639344263,-0.0297520661157024,0.3470588235294118,,0.1225806451612903
2025-07-28,0.0091043412181663,0.0188932193721584,0.0394290748226885,0.0044927738210491,0.0098307975868131,-0.0007010115627435,0.0044472990659208,0.0133370904850117,0.0009869988428289,0.0149756647909827,0.4781609195402299,0.3951219512195121,0.3877192982456141,0.5741228070175439,0.1357664233576642,0.2915384615384614,0.0896969696969697,0.6408304498269898,-0.3333333333333333,0.266046511627907
2025-07-29,-0.039719719728349,-0.042056064377299,-0.0368252889027989,-0.0594339485143621,-0.036949059413654,-0.0470645512714538,-0.0202294557119034,-0.0425452563793104,-0.021125889303114,-0.0295465462502023,0.7333333333333334,0.1333333333333333,0.7619047619047619,0.6122448979591836,0.3862068965517241,0.44,0.3105263157894737,0.3487179487179487,0.1833333333333333,0.4769230769230769
2025-07-30,0.0239763998490065,-0.0069101711186209,0.02671013013352,0.0027507847376032,0.0039153930409377,0.0053556571666344,-0.0031512237634893,0.0236493732011116,-0.0046801050722703,0.0010634114769439,0.14,0.1553191489361702,0.678688524590164,0.3999999999999999,0.5184466019417476,0.2325358851674641,0.0222222222222222,0.2571428571428571,,0.1868852459016393
2025-07-31,-0.0082246732621744,-0.0165615936731119,-0.0174927783397903,-0.0035971055569054,-0.0109130810348826,-0.0166967981000833,-0.0013979570387018,0.0074771725244459,0.0206720689158207,-0.0013855598470895,0.6230769230769232,0.4048780487804878,0.5142857142857142,0.5356164383561643,0.5965909090909091,0.397923875432526,0.1270072992700729,0.4530000000000001,,0.2144144144144144
2025-08-01,-0.0173471349540461,0.006941078589719,-0.0134901608902933,0.0051155431555534,-0.0044207033652264,0.0294338728468748,-0.0022431759714413,0.0228918386481462,0.0035248809684318,-0.0049469894809343,0.0607142857142857,0.4076923076923077,0.6999999999999998,0.1999999999999999,0.2857142857142857,0.2,0.0307692307692307,0.3287671232876712,,0.2806451612903226
2025-08-04,0.0227783165107606,0.054657876645963,0.0084568922385806,-0.0018699465030399,0.0096737171748981,0.0051581141925354,0.0062389527477635,0.0099226821893962,0.002642686169916,0.0409437558151804,-0.6416666666666667,0.2887987012987013,0.4074626865671641,0.2853135313531353,-0.0705202312138728,0.2914383561643835,0.263013698630137,0.266601752677702,-0.2249999999999999,0.0018518518518518
2025-08-05,0.0144849993360667,0.0244646341085891,0.0216799531469518,-0.0041608288302018,-0.0026319194906512,0.0001013338680923,-0.0032515066152033,-0.0087837391535073,0.0001281525394919,-0.0118202586724186,0.6625,0.572,0.4818181818181818,0.6098360655737705,0.3322033898305084,0.1818181818181818,-0.0354430379746835,0.4439024390243902,0.4285714285714285,0.5493975903614458
2025-08-06,0.0180489984981389,0.0118285660116762,0.0191699221077014,0.0177095414342866,0.0149600393288552,0.0409260909747883,0.023727902533643,0.0114771448379124,-0.0063813203262008,0.0056016654077901,0.3454545454545454,0.4618257261410788,0.4992031872509959,0.4428571428571429,0.3950331125827814,0.3548736462093863,0.0851063829787234,0.2391304347826087,0.6666666666666666,0.417910447761194
2025-08-07,0.0072955517809391,-0.0183922968733095,0.0410684807469337,0.0074146062354712,-0.0019524483434039,-0.0013385500671668,-0.0040861881967616,0.0307079829811286,0.0003356685100059,0.0101856813259128,0.5,0.1454545454545454,0.624,0.3489361702127659,0.1119999999999999,0.2470588235294117,0.3307692307692308,0.3714285714285714,0.0,0.4990825688073395
2025-08-08,-0.0062302339454638,0.0115926890597664,-0.0125378973674541,0.0224329547545114,0.0026746871344833,-0.0088618255332113,0.038524384117972,-0.0103714549818514,0.0083989421846054,0.0073841393797073,0.0571428571428571,0.4346153846153845,0.3865384615384615,0.2329268292682927,0.1311688311688311,0.2769820971867008,0.5454545454545455,0.4181818181818181,0.7,0.3319148936170213
2025-08-11,0.0060736386524021,-0.0044026615487665,0.0090481113320079,0.0058052777703737,0.0292964045203672,0.0141135455115676,-0.0012230666514542,0.0009290854257036,-0.0061053506076748,0.0046820189810833,0.495,0.3397790055248619,0.5692771084337349,0.1787658802177858,0.2270194986072423,0.2738566798703637,0.2856209150326797,0.1476923076923077,-1.0,0.1049382716049383
2025-08-12,0.0168956756320723,-0.0071189138891691,0.0087127536584038,0.0017986004171237,0.0087938756950771,0.0103093352481139,0.0052836114008786,0.0289412744545869,0.0015278826143461,0.0327707741934026,0.5032258064516129,0.5544554455445545,0.4296296296296297,0.6391752577319588,-0.0654205607476635,0.3205128205128205,-0.0166666666666666,0.3363636363636363,-0.0571428571428571,0.3372549019607844
2025-08-13,0.007336475543262,0.0004745722351765,-0.0130648442680596,0.0223743950940564,0.0030053402891463,-0.0147735316461387,-0.0102470007899143,-0.0020128309296751,0.0111955124056742,0.003280179119771,0.5449197860962566,0.541880341880342,0.4139037433155081,0.4374055415617128,-0.0610619469026548,0.3469635627530364,0.4173913043478261,0.4521951219512196,-0.0799999999999999,0.3726148409893993
2025-08-14,0.024852704239028,0.0177061536905808,-0.0018802383397146,0.0018659116657612,-0.0013276767580913,0.0028699556203082,-0.0001963169565294,-0.0035770451162121,-0.0029302088843331,-0.0089654817039917,0.5417989417989417,0.8100840336134454,0.48,0.3625,0.1161290322580645,0.3467532467532468,0.7273584905660377,0.2266666666666666,-0.0666666666666666,0.246
2025-08-15,-0.0216368489325578,-0.012917670748418,0.0004793317265839,-0.0279179352545074,-0.0132361167122178,-0.020163084452783,0.0031927810466335,-0.0123827687765199,0.0051810813583667,-0.0214203206500159,0.8000000000000002,0.28,0.4,0.4952380952380952,0.3333333333333333,0.3542857142857143,0.16,0.44,0.0,0.1037037037037037
2025-08-18,-0.0040709726004029,-0.0031192228832644,0.0178682829683639,-0.0209710144073916,-0.0009328367493869,-0.0128733493294903,0.0055180773141346,0.031429797989923,0.0003886570999144,0.0152273682822499,0.3362176628010704,0.3106870229007634,-0.1328947368421053,0.4014099400775467,0.1646865769609451,0.3876111817026683,0.1767220902612826,0.3299465240641711,,0.1561151079136691
2025-08-19,0.0064682852752949,0.0,-0.0102086632196939,-0.001577355954467,0.0033015254021141,-0.0073433912905607,-0.0029790017972858,-0.0067410329457798,-0.0061630462542908,-0.0025514341010438,0.3692307692307692,0.6599999999999999,0.5860759493670886,0.518421052631579,0.6962962962962963,0.2918918918918918,0.2552941176470588,0.3,0.4,0.181081081081081
2025-08-20,-0.0007980747690962,0.0240730280933626,-0.0374982452848541,-0.0336215463225387,-0.0098548983567693,-0.0056192623438894,-0.0302272028709736,-0.0241766078846106,-0.0098598147312216,-0.0172204018530103,0.7549999999999999,0.5987012987012986,0.5580645161290322,0.2842105263157894,0.26875,0.1932584269662921,0.1777777777777777,0.4538461538461539,,0.4333333333333333
2025-08-21,0.0273995823061004,-0.0058655199366498,-0.0038714021735725,0.0169556344055086,0.001014658199691,-0.0030875023967493,-0.0012474803170593,-0.0054944017842995,0.0089017928586534,0.0033499837376444,0.6394736842105263,0.4089887640449438,0.3870967741935484,0.4686746987951807,-0.032258064516129,0.3304812834224599,-0.1636363636363636,0.6142857142857142,0.1999999999999999,0.4142857142857143
2025-08-22,0.0037134915782679,-0.0267974441117931,-0.0399883247734657,-0.0285517552792088,-0.0265124833609151,-0.0024546630452622,-0.024019035191867,-0.0296650776405549,-0.0100603739617162,-0.000612895819956,0.4600000000000001,0.7,0.1727272727272727,0.3806896551724138,0.4,0.5404580152671756,0.0349514563106796,0.5429752066115703,0.5777777777777777,0.3398230088495575
2025-08-25,-0.0341921305083906,0.0227080938679615,-0.0064391016361274,-0.005570468989727,-0.0076904053305904,-0.0241253934036686,-0.0053503726603229,-0.0295934554615544,-0.0043415188362154,-0.0132021585042952,0.172928821470245,0.4444444444444444,0.5442970822281167,0.39155672823219,0.3380281690140844,0.2582950123806155,0.2122448979591837,0.3974927675988428,0.2933333333333333,0.2541984732824427
2025-08-26,0.0259723025884113,0.0501141005335906,0.0361336251712377,0.0127450427837994,0.0146292052477019,0.0433648331611016,0.0190289911921084,0.0239535318908081,0.0015869096284018,0.0164840778130036,-0.1714285714285714,0.5181818181818182,0.631578947368421,0.3249999999999999,0.8,0.2115384615384615,0.12,0.275,0.0,0.1213483146067415
2025-08-27,0.0305522505160501,-0.0105112267852716,-0.0113139593095759,0.0292366617322491,0.009745379407199,0.0024921677363178,-0.0023948525178752,0.039800306954562,0.0037986356448448,0.0172374484420062,0.6348623853211008,0.597979797979798,0.4262626262626262,0.5985915492957746,0.4625,0.2231499051233396,0.6125,0.5611940298507462,0.2,0.2
2025-08-28,0.0003851765980835,-0.0069306306830299,0.0071397313296466,-0.0022970901956311,0.0103939183403543,0.0157799879064959,-0.0006504570565624,0.0155727944882736,0.0005926870731648,-0.0021667737982911,0.6263157894736843,0.7,0.0058823529411764,0.3477611940298508,0.4249999999999999,0.3826086956521738,0.28125,0.5365853658536585,0.1,0.2193548387096774
2025-08-29,-0.0010057864621254,-0.0027841280192091,0.0061213589568499,-0.0167614199650994,-0.004241368920535,0.0022075124670945,-0.009123762957683,-0.0092288511953391,0.0046763612543441,-0.0006227644785972,0.184070796460177,0.1891647855530474,0.2719367588932805,0.5761248852157944,0.2024096385542168,0.3518014411529224,0.2764444444444444,0.3640718562874252,0.0,0.0586206896551724
2025-09-03,-0.0073891790080129,-0.0045050882179616,0.0539223592340692,0.0220426648940594,0.0051412968115526,0.0024826390587505,0.0150368657323122,-0.000480060486738,0.0101155565857131,0.0064317146299725,0.4682926829268292,0.2010752688172042,0.4171428571428571,0.4536977491961415,0.4118181818181818,0.3712605042016806,0.2139013452914798,0.5456896551724139,0.5666666666666668,0.2899053627760252
2025-09-04,0.0113356136072051,-0.0031627918986212,0.065425502177665,0.0113026640828112,0.0142691221347318,0.0221293626887047,0.0098203908780748,0.0073210486871854,0.0027152310311349,0.0057207478538457,0.4732484076433121,0.4461928934010152,0.5874371859296483,0.5355828220858897,0.2490909090909091,0.3944881889763779,0.1485714285714286,-0.0609756097560975,0.6499999999999999,0.3090293453724605
2025-09-05,-0.0224538549719181,-0.0056192978168784,-0.0263710382921939,-0.0153472188193588,-0.0104397804631915,-0.0220507325080376,0.0005056104122796,-0.0096462136950936,-0.0053440773287334,-0.0099292314857093,0.5962635201573254,0.258139534883721,0.2976591075347476,0.1363543788187372,0.3778541226215644,0.3129817444219068,0.1421052631578947,0.4346420323325634,0.3,0.1657718120805369
2025-09-08,-0.0265221053946972,-0.0211311373523927,0.0016000201349656,-0.0256062492449552,-0.0132155906898532,-0.027565313141008,-0.0229093273525411,-0.0132511757050094,0.0092634864042938,-0.0346002439437992,0.4154929577464789,0.2216867469879518,0.3344827586206897,0.138235294117647,0.2570588235294118,0.2659630606860158,0.1903361344537814,0.5320930232558141,-0.2,0.1811518324607329
2025-09-09,-0.0013693757874811,0.0169726166777261,-0.0056702813052043,0.0027609627140654,-0.0052294481100826,0.0161559839927056,-0.0038995857623103,0.0066439428616611,-0.0030084235860409,-0.0018810004274332,0.1967741935483871,0.5794871794871795,0.2714285714285714,0.3548387096774194,0.4823529411764706,-0.0050724637681159,-0.0350364963503649,0.4071428571428572,0.6,0.2105640107430617
2025-09-10,0.0111456676733101,-0.003558369955131,-0.008641533578378,-0.0047573745685775,-0.003124678215181,0.0065706474887443,0.0067665662568768,0.0053455329520916,0.003182398797033,0.0065513253226216,0.6631578947368421,0.4800000000000001,0.4416666666666666,0.2306451612903225,-0.0916666666666666,0.2941747572815534,0.2058823529411764,0.6000000000000001,-0.1,0.0657142857142857
2025-09-11,-0.0003469415831867,0.024144455662839,0.0360785477028401,-0.0024823215640216,0.0130018541956113,0.0235460532147362,0.0023199454211748,-0.0075980655122847,-0.0114591114554319,-0.0030225645291147,0.403030303030303,0.375,0.3347826086956521,0.4,0.385,0.1213483146067415,0.2807017543859649,0.45,,0.1978723404255319
2025-09-12,0.0017497752729432,0.0042942677996083,0.0260385308928251,0.0060053868426902,0.028892279186155,0.0188928037446332,0.0202580786022189,-0.0002686808180989,-0.0006782063709895,0.0133344840302143,0.0,0.5187499999999999,0.5882352941176471,0.4532710280373833,0.0,0.3872919818456883,0.1933534743202417,0.46,0.5666666666666667,0.2555555555555555
2025-09-15,0.0181124241266304,-0.0052073392318932,0.0087126796745033,0.0110357233882147,0.0095491860086123,0.0049998700709477,0.0044246626889687,0.0424728130206117,0.0066336887602955,0.013269768440915,0.3861386138613861,0.3213296398891966,0.5593869731800766,0.4008403361344537,0.1623616236162361,0.3508946322067594,0.1173469387755102,0.5847457627118645,0.0,0.2494318181818181
2025-09-16,0.0036213391233531,-0.0115989769912312,-0.0156131648769255,0.0081289053302264,0.0098645095695313,0.0042237757322908,-0.0007723289368858,-0.005931460187066,-0.0079365079365079,0.0006975201086834,0.5021505376344085,0.5734177215189874,0.5116504854368932,0.569470827679783,0.4517241379310345,0.4036480686695278,0.5245614035087719,0.5571428571428572,0.2285714285714286,0.3406779661016949
2025-09-17,-0.0194647952193346,0.0165395508485503,-0.020207614833814,0.0180145243330451,-0.0113412720238997,-0.0181987081456876,0.0034421180674182,-0.0006483950348563,0.0046855230964413,-0.0104554893546229,0.4375,-0.1666666666666666,0.3,0.2344444444444444,0.40625,0.3905063291139241,0.2473684210526316,0.7307692307692307,0.0173913043478261,0.1824242424242423
2025-09-18,-0.0074850131597543,-0.0021834916834499,0.0097181939262518,-0.0209348044845707,-0.0120136137495873,-0.0051120922615484,-0.0169327683271896,-0.0129276389495065,-0.0087927263176927,0.0071344239286429,0.4206896551724138,0.5185082872928176,-0.1642487046632124,0.5755501222493887,-0.055440414507772,0.1059612518628912,0.1578947368421052,0.4048128342245989,,0.1296875
2025-09-19,-0.0128547732560774,0.0317960592657407,-0.0104228251820099,-0.0078671980302926,-0.0144450054822543,-0.0003371307524407,-0.0085434631206534,-0.0068653966031747,0.001539915107791,0.0143943740238129,0.6108108108108109,0.2148936170212766,0.3108108108108108,0.6289473684210526,0.5680000000000001,0.3920353982300885,0.1,0.45,0.8,0.3257142857142857
2025-09-22,-0.0076847179219048,-0.0241966917060331,-0.0387710029354354,-0.0270086395218644,-0.0133918294506143,-0.022388863309474,-0.0187851691750235,-0.0282436766132417,-0.00234133562555,-0.0169252893957432,0.3553571428571428,0.3229390681003584,0.0236476043276661,0.4079601990049752,0.1609819121447028,0.3524262607040913,0.2603174603174603,0.5206896551724138,0.06,0.1826086956521739
2025-09-23,0.0045824123374182,-0.0006353765274254,-0.001506805168435,-0.0025857109982737,0.0018757339232319,0.006891180853543,0.0047674922838343,-0.0050746552459829,0.002376045924689,-0.0023691668522068,-0.2545454545454545,0.4342857142857144,0.5363636363636364,0.3898305084745763,-0.0769230769230769,0.4048,0.1473684210526315,0.4687499999999999,,0.3894736842105263
2025-09-24,0.0089891965932295,0.0077202418127065,0.020585069277506,0.0103187271634178,0.0083590983886909,0.0132000474205602,0.0061859603226509,0.0113169169204281,-0.0022111988340108,0.0079935859506707,0.4824561403508772,0.0675675675675675,0.6277533039647577,0.497972972972973,0.253623188405797,0.4120294599018003,0.100990099009901,0.4209677419354838,0.0,0.251006711409396
2025-09-25,-0.0021947521735164,0.0221293005177835,-0.0028281270086129,-0.0090162852954991,-0.0073559454815773,-0.0103851756344533,0.0056950727175445,0.0106595705470403,-0.0015580459592685,0.0223022490392206,0.2129032258064516,0.6562500000000001,0.35625,0.5615384615384615,0.4607142857142856,0.3908045977011494,0.1812499999999999,0.2818181818181818,,0.4116279069767442
2025-09-26,-0.0002755235484852,0.0026946555061045,-0.0063299616170415,-0.006915112257064,-0.0036086835620033,-0.012143363093418,-0.0095708444352054,-0.0107426372896549,-0.0015971300801022,-0.0218688912099629,0.4869565217391304,0.4988235294117647,0.1999999999999999,0.5594594594594595,0.06,0.5049180327868852,0.3411764705882353,0.3857142857142857,0.5599999999999999,0.2050847457627118
2025-09-29,-0.0021134107039355,0.0276504886260984,-0.0074337359818146,-0.0096810636563517,-0.0070530048984477,-0.0125902886551053,-0.0004789272030651,-0.006313083807621,-0.0015424398357502,-0.0090669186441111,0.1571428571428571,0.4290909090909091,0.384251968503937,0.4893203883495145,0.2590909090909091,0.3269102990033222,0.0790123456790123,0.4340807174887892,0.0,0.3006896551724138
2025-09-30,-0.0070608973234181,0.0002979729017518,-0.0162337491614833,-0.017021940395035,-0.0070888477313004,0.0029802408308516,-0.012742729892505,-0.0225989212611685,-4.216740459631977e-05,-0.0120072346423132,0.5428571428571429,0.4956521739130435,0.575,0.3908045977011495,0.2457142857142857,0.2845771144278607,0.2666666666666666,0.4846153846153846,0.8,0.3530434782608696
2025-10-01,0.0071799839731128,-0.006472345603373,0.0027660332935403,0.0029250207144392,0.0136551545778766,0.004861603323752,-0.0039187240676062,-0.0099483065791099,0.0032472691293581,0.0011987952255803,0.2407725321888412,0.4669980119284294,0.1518518518518518,0.0203947368421052,0.3262390670553936,0.0721021611001964,0.2359116022099447,0.082716049382716,0.6999999999999998,0.0640226628895184
2025-10-02,-0.001193435838,-0.0098082437596504,-0.021297412790163,-0.0022647893633247,-0.0033061632496147,-0.0101790739474871,-0.0077119950092651,-0.004274574769154,-0.0031446540880503,-0.00321402453013,0.5947368421052632,0.0966666666666666,0.5480000000000002,0.4901960784313726,-0.2312499999999999,0.4330188679245284,0.3103448275862068,0.539622641509434,0.0666666666666666,0.288235294117647
2025-10-03,-0.006781100162466,0.0069012394797712,-0.0215771027014138,-0.0030036942636876,-0.0044566583031691,-0.0077950656125449,-0.0165987501588906,0.0001595474277946,0.0016420361247947,-0.0129670828283174,-0.0071428571428571,0.2224489795918367,0.5006211180124224,0.5727272727272728,0.35,0.4218527315914488,0.5043478260869565,0.2125,0.0333333333333333,0.3536842105263157
2025-10-06,0.0309107220054051,0.0304645522701535,0.0518066346992603,0.0232737630550149,0.0228452939036978,0.0220602535807634,0.0204733882582086,0.0333568595946275,-0.0010699752812052,0.0156346836149554,0.2693419551160137,0.4531433880458345,0.2308943089430894,0.2877153558052434,0.1540320050203953,0.4142804223004259,0.2805022156573116,0.5942735447231425,-0.1166666666666666,0.2392857142857143
2025-10-07,-0.00873141906509,-0.0065352598691768,-0.014249376687471,-0.0053937419684203,-0.0084331631582542,-0.0010850007003088,-0.0073436825205005,-0.0155713243104361,0.0013300340241261,-0.0066806054277509,0.7064935064935065,0.3845605700712589,0.5730659025787965,0.3942528735632183,0.4778481012658227,0.3720183486238532,0.2771428571428571,0.5318840579710145,0.0499999999999999,0.3061224489795918
2025-10-08,0.0127594412815228,0.0083810299971514,0.0153339106178491,-0.0013286090734582,0.0108850020314216,0.0100378389191593,0.0052422359087905,0.0038345796420264,-0.0023981991350176,-0.0011466319875825,0.2942731277533039,0.4457665903890159,-0.2153846153846153,-0.0605809128630705,0.444943820224719,0.3692118226600985,0.1597222222222222,0.223076923076923,-0.1666666666666666,0.4267441860465116
2025-10-09,0.0119350881897496,0.0258760647489216,-0.0009828764332253,-0.0036766546552689,-0.0031687349538545,0.0040395600233562,0.0092791552990978,-0.0051680988340131,-0.0046463075439316,0.0073908384251245,0.2653973509933774,0.4524390243902439,0.5021201413427562,0.6418624161073826,0.6014084507042254,0.3155774111675127,0.2454545454545454,0.5570312500000001,0.3142857142857143,0.4535452322738387
2025-10-10,0.0066314701050329,0.0529599465609551,0.0126955167514665,0.0110486311090509,0.003205140151291,0.0037145782214991,-0.0043026410856927,0.0041483730685114,-0.0008829981711282,0.0066832241799591,0.3681818181818181,0.7437086092715234,0.4824644549763033,0.6836363636363636,0.475,0.3388933440256616,0.2228571428571428,0.5237354085603114,0.6,0.2728
2025-10-13,-0.0033229046941839,0.0350158065459014,-0.0211538229854357,-0.0169406390053893,0.0128145330544572,-0.0049061888623473,-0.0093580855075107,-0.0111726986079273,-0.0064320584212757,-0.0141796115537493,0.4722634103794155,0.6357586340706248,0.6365928975810602,0.4345677402529665,0.4261407123932881,0.2661053385883197,0.3510204081632653,0.565439672801636,-0.1893617021276595,0.3615942028985507
2025-10-14,-0.0139471688106562,0.0077586248464926,-0.0215222220637777,-0.0144123697009458,-0.0164032231681309,0.0036200383194002,-0.0124449528695066,0.0020456210024256,-0.0036164134527983,-0.006530296651294,0.5,0.512111801242236,0.6970930232558139,0.4236775818639798,0.3244239631336406,0.2774731823599523,0.509090909090909,0.6587786259541984,0.2,0.5333333333333333
2025-10-15,-0.0027923397111233,-0.0095689376585707,0.0007046103394683,-0.0221573533084072,-0.0005609991698161,0.0094318360025732,-0.0093711843711844,0.0048846231311633,0.009540508750962,-0.0014781985194034,0.4555555555555555,0.0519999999999999,0.0499999999999999,-0.0658536585365853,-0.43,0.2278481012658228,0.1959183673469388,0.4270588235294118,0.1,0.2509803921568627
2025-10-16,-0.0005484751385254,0.0143649036859317,0.0097853677894319,-0.0040142274265015,0.0251397613950399,0.0271861239065609,-0.0016949152542372,-0.0078048537545962,-0.0043873589183111,-0.0019867696614975,0.53125,0.4981818181818181,0.4774193548387097,0.2777777777777778,0.4266666666666666,0.3144654088050315,0.1945205479452054,0.3999999999999999,0.7,0.297391304347826
2025-10-17,-0.0211156745876233,-0.0235730876877828,-0.0014736106471735,-0.0109477116966853,-0.0134212272632589,-0.0120896147056167,-0.0101816199969612,-0.001266704301816,-0.0089893277969614,-0.0138687683814526,-0.4372093023255815,0.5185185185185185,0.3252747252747253,0.5252525252525252,0.4748538011695907,0.5407228915662651,0.0472222222222222,0.4691358024691358,0.0,0.2589371980676329
2025-10-20,-0.0562880044218337,-0.0609579595044497,-0.0685033817346084,0.0089847560446577,-0.0538657952986277,-0.0603878393633497,-0.0358796915611664,-0.0488925350340033,-0.0189961279267491,-0.0480292675775691,0.0805970149253731,0.2125,0.5574912891986062,0.4687402799377915,0.1891940730032526,0.3491443815472705,-0.0111706197398622,0.3238636363636363,0.1542857142857142,0.2426075268817204
2025-10-21,0.0116587455536375,0.0007554422219812,-0.0124734692068811,0.045817476041331,-0.0034015132915635,0.0219355028142581,0.0148872861732993,0.0263785396260991,0.0107637442732195,0.0167259455482715,-0.3421052631578946,-0.1489795918367346,0.18,0.516083916083916,0.197560975609756,0.2043715846994535,-0.2582677165354331,0.4047169811320755,,0.278125
2025-10-22,0.0067031140115889,-0.0035543838641707,0.0030226090596563,0.0071769998973499,0.0057744199911633,0.022014424105066,0.028544692483345,0.0210441438175877,0.0222880983750548,0.0286421433429926,0.49375,0.3150823827629911,0.7274939172749393,0.2175886524822695,0.3289940828402366,0.1195230998509686,-0.0132596685082873,0.3025641025641026,0.8,0.5016949152542373
2025-10-23,-0.0069151555476529,0.0304684498282104,-0.007890220488242,-0.0210069526545914,0.0032070792745396,0.0222321448946318,0.0095702790618044,0.0239089093980816,-0.0010413283145766,0.0015755971513203,-0.2264150943396226,0.16875,0.3428571428571429,-0.0439024390243902,-0.1040816326530612,0.296590909090909,0.2482758620689655,0.0137931034482758,0.9,0.0566037735849056
2025-10-24,-0.0009931565962339,0.0070232818382984,-0.0135125713994095,0.0365189235160484,0.0112895401923187,0.0148117860762024,0.0002009781994339,-0.0060192195717097,-0.0046320255048907,0.0008241758241758,0.48,0.2812499999999999,0.2235294117647059,-0.1363636363636363,0.0476190476190476,0.3489361702127659,-0.0545454545454545,0.6533333333333334,0.75,0.3863636363636363
2025-10-27,-0.01332966957987,-0.0424288373423039,0.0083921905445306,0.008387691883362,-0.007469884631325,-0.0281974405917097,-0.0047898380152909,-0.0139858546678142,0.0091836734693877,0.0102131159048267,0.1538461538461538,0.4523809523809524,0.5545454545454546,0.3578680203045685,-0.020322354590049,0.2305605786618444,0.34,0.4491803278688524,0.35,0.3529411764705882
2025-10-28,0.0127617343370767,0.0012014976672078,0.022818080986637,0.0131431207972843,0.0044786414351657,0.0267052203419755,0.0046212193236864,0.0325775815944355,0.0075046904315198,0.012101180397949,0.2153846153846154,-0.0736486486486486,-0.2571428571428572,0.3804979253112033,0.171830985915493,0.4170403587443946,0.4399999999999999,0.6526066350710901,,0.5185840707964602
2025-10-29,0.0146055878560165,-0.018490680294831,0.0095634085793066,-0.0026970964199897,0.0036612519865665,-0.0003140326789989,0.010479176611051,0.0252526348549897,-0.0056992725564844,0.0389367391205062,0.6086956521739131,0.5204981837052414,0.8502673796791445,0.2574441687344913,0.6785185185185185,0.220404984423676,0.1777777777777777,0.7277777777777779,-0.25,0.3620253164556962
2025-10-30,-0.0026773155751304,-0.0054299165407247,-0.0173583287926729,0.0411145242990833,-0.0022937184558416,0.0031552848266319,-0.005545441192819,0.0100087940200663,-0.0091078450151909,0.0048397112321868,0.6,0.5719063545150501,0.6356275303643725,0.3534883720930232,0.527027027027027,0.289568345323741,0.4888888888888889,0.5570698466780238,0.8,0.1962264150943396
2025-10-31,-0.011269829546556,-0.0404138321216718,0.0006107911875694,0.0263669607769302,0.0052195863179136,-0.0117156472795272,0.0336538660380089,-0.015211939272955,0.0106419498798489,-0.0071972931798638,-1.0,0.796137339055794,0.55,0.5160714285714286,0.1202046035805626,0.4331550802139038,0.125,0.6346153846153846,0.0,0.4291666666666667
2025-11-03,-0.007795175311236,-0.0130459708781546,-0.0039859083465946,-0.0180081421590982,-0.0092854740086719,-0.0103779520027053,0.0047451405279534,0.0072756282257011,-0.0068466929912332,-0.0148879868343606,0.235,0.417557251908397,0.2115942028985507,0.2933333333333333,0.275098814229249,0.1763440860215054,0.1459459459459459,0.6373333333333333,0.8,0.2435897435897435
2025-11-04,0.021725448667017,0.0280837924260242,0.0291278009484673,-0.0146168016786283,0.0126117221366039,-0.0033408505165073,0.0048948102166857,-0.0120727066678966,-0.0122066723211761,0.0092198581560283,-1.0,0.2059405940594059,0.731400966183575,0.1614349775784753,0.4244186046511628,0.4143051771117166,0.1199999999999999,0.3250361794500724,0.5,0.2779069767441861
2025-11-05,0.0194538255922931,0.0159533037771194,-0.0035382384505245,-0.0072172022557714,0.0045431758336513,-0.007506168280687,0.0431713483989867,-0.0061732930395327,0.0072981470025855,0.0107982265979786,1.0,0.3004484304932735,1.0,0.7060439560439561,0.2694063926940639,0.2768924302788845,0.2479338842975206,0.44,1.0,0.1918918918918919
2025-11-06,-0.0053505549518589,-0.0062385039986091,-0.0082233398415414,-0.0006458506038832,-0.0061949241843109,-0.0130720862486033,-0.0028377013879591,0.013958338576181,0.0061412487205732,-0.0086707560041488,0.4352331606217617,0.6551794453507341,0.3165829145728643,0.6981465136804944,0.0380090497737556,0.1794871794871795,0.295774647887324,0.4,-0.7444444444444446,0.0301075268817204
2025-11-07,-0.0278664605332989,-0.0487225374280035,-0.0047246814048803,0.0102144607174253,-0.0111516144367992,-0.0275806837226716,-0.002900095382631,-0.0320966541501589,-0.0147811393782854,-0.0204328757758379,0.623529411764706,0.5248868778280543,0.0566037735849056,0.4696132596685082,-0.114516129032258,0.4058988764044943,0.2150537634408602,0.6685714285714287,0.6666666666666666,0.4205128205128205
2025-11-10,-0.0104881225031463,-0.0375678271185803,-0.0020110258063079,-0.0244796979668594,-0.0076174205803553,0.0010882618709375,-0.0099894011658717,-0.015565107165016,0.0052013818216278,-0.0103926775107979,-0.0975206611570247,0.2074115665356541,0.3266247379454927,0.039847836424156,0.2221630776675539,0.3204152249134948,-0.0225250501002003,0.521239744758432,-0.08,0.3452873563218391
2025-11-11,0.0093291701444152,0.01261876865369,0.0050242127176378,-0.0107319154371943,0.0265797146781388,0.0197443236137391,-0.0047186438936897,0.000948458679052,-0.0053380662609871,0.0009411415329643,0.3409090909090909,0.4385964912280702,0.1578947368421053,0.3414634146341463,0.2560240963855422,0.3654822335025381,0.3263888888888888,0.5913043478260869,0.8,0.3999999999999999
2025-11-12,0.0104598277632258,0.0549314124434119,0.0221363609693129,0.0282829542686767,0.0103871957831627,0.0189128502917958,0.0066471207504641,0.0154593766676962,0.0053304252621374,0.018240036918626,1.0,0.5677083333333331,0.1704545454545454,0.8148148148148149,0.3342981186685962,0.2054433713784021,0.3495145631067962,0.4172661870503597,-0.4,0.0203389830508474
2025-11-13,-0.0003331373701744,0.0027346442800892,-0.0095475169675282,0.0070320010234479,0.0135099939363418,-0.0056398388847588,0.0329668667451879,0.0248026467504833,-0.002817693263474,0.018585050623087,0.8400000000000001,0.672082717872969,0.4080459770114943,0.40234375,0.3751568381430363,0.3247058823529412,0.3,0.4896907216494846,,0.4944444444444444
2025-11-14,-0.0004241505705991,0.024266463047796,0.0063068440589202,-0.0026381680699725,-0.0009425230972779,0.0088842218303503,0.0064808932202926,-0.0040143950058414,-0.0007454905602851,0.0151441603983678,0.0,0.5977011494252874,0.5126760563380282,0.710810810810811,0.1413333333333333,0.3061224489795918,0.2913043478260869,0.6425531914893617,0.08,-0.2
2025-11-17,0.0035316048752682,0.0359265960926677,0.0119199913022305,0.0052255824659129,0.0046444295360274,0.0263012195521029,0.0029939382750239,0.0073901196545027,-0.0041067761806982,0.0073627183326204,0.2592592592592592,0.5933983495873968,0.3163841807909605,0.4219940377608479,-0.0950374531835206,0.2721121909213925,0.5134474327628362,0.592896174863388,0.3365853658536585,0.2149712092130518
2025-11-18,0.0021884410567085,0.0279959455520905,0.0044776645593419,-0.0032496028644121,-0.0107791856910169,0.0177560400100687,-0.0114819423435815,0.0033868354767578,7.180555056907068e-05,0.0003525557861889,,0.3237410071942446,0.546875,0.3812824956672443,0.1146616541353383,0.3052631578947368,0.4615384615384615,0.5982142857142857,0.5142857142857143,0.1126760563380281
2025-11-19,-0.0057769018654561,-0.0036566231634703,0.0003716557906258,-0.0212337569217623,-0.0011654311939635,-0.0128528739451363,-0.0008958953248825,-0.0031873496826039,-0.0127350091253834,-0.000210177003121,0.5254237288135593,0.3776129467296021,0.7000000000000001,0.2072552680714857,0.6809338521400777,0.3498598317981578,0.0,0.6528301886792451,,0.3283387622149837
2025-11-20,-0.002973140959959,0.0027580195370995,-0.0160864982160505,-0.0051574072568137,-0.0019733148558895,-0.0043536091479845,-0.0034177500610037,-0.0083532800533881,-0.0003413202266366,-0.0038641034084544,-0.3333333333333333,0.6478260869565218,0.1016597510373444,0.3348214285714286,0.1171548117154811,0.3550815558343789,0.5,0.8,-0.0999999999999999,0.2391304347826086
2025-11-21,-0.0053188893768603,0.0142407964288453,-0.0041128437272807,-0.002635254305244,-0.0111808214798011,-0.0029924910033057,-0.0092727740147906,-0.0050654002888424,-0.0108477963757963,-0.0038127116035703,1.0,0.9656441717791412,0.4851385390428211,0.3085948158253752,0.264406779661017,0.5382103200522536,0.3136186770428015,0.4064516129032257,,0.227420736932305
2025-11-24,-0.0027485367615804,0.034241326890523,-0.0094817580654688,0.0019668274594973,0.0145873690786062,-0.008803059639263,-0.005828362689279,-0.0196184580344201,0.0125548263255127,0.0004456295089061,-0.1686746987951807,0.5092556634304207,0.5121540312876054,0.3136258660508083,0.1432171979243884,0.2600723763570567,0.0151898734177215,0.591304347826087,0.3,0.4093401015228426
2025-11-25,-0.0136018809941967,-0.0061109067481595,-0.0123627349366655,-0.0223888562642644,-0.0080902536372589,-0.0064331192870021,-0.0051867234061761,-0.0144042752203327,-0.0041440100032082,-0.0208531597508612,0.1111111111111111,0.4281524926686217,1.0,0.3403141361256544,0.31055900621118,0.3766233766233766,0.2363636363636363,0.4090909090909091,0.675,0.375
2025-11-26,0.0077871842664527,0.0055697438043167,0.0155982975012068,0.0091434814936265,0.0131906836627996,0.0057096364258482,0.015898110308584,0.0140838499501588,0.005691658535414,0.0118432792185859,0.106951871657754,0.562429696287964,-0.021505376344086,0.0160427807486631,0.2334047109207709,0.5795918367346939,0.2452173913043478,0.6743185078909613,-0.25,0.564406779661017
2025-11-27,0.0002431098741806,-0.008713244053077,-0.0075609911337176,-0.0031974956172406,-0.0054470849295266,0.0159744495898906,0.0036667058119653,-0.0054395301061221,8.298531300254819e-05,0.0019174581349773,1.0,0.1192052980132449,0.7297297297297297,0.4528301886792453,-0.0612244897959183,0.2176870748299319,0.5443037974683543,0.6679536679536678,0.0,0.3565217391304348
2025-11-28,-0.0057874236328212,0.0170019957259673,-0.0100490863053258,-0.0121631236260623,0.006101478630819,-0.0008534090159494,0.0114320202555496,0.0019667257852867,0.0092487629329734,-0.0040132200188857,0.7,0.5714285714285714,0.2133333333333333,0.1739130434782608,0.6799999999999999,0.0954545454545454,0.4615384615384615,0.4787878787878787,,0.3615384615384616
2025-12-01,-0.0048992202069221,0.0200207123869062,-0.0087863616158622,0.0031046238855875,0.0294355605772801,0.0018773748057715,0.0071842338836874,0.0006217832037895,0.0222646869325835,-0.0064864443169855,0.4581673306772907,0.5099285146942019,0.5416666666666666,0.4102844638949671,0.2580645161290322,0.3301115241635687,0.2564102564102564,0.4939024390243902,0.1,0.4447619047619047
2025-12-02,0.0041605548969806,0.0119541552869514,-0.0011454753722795,-0.0088957034586183,0.0228049913850801,-0.0038368177903061,0.0125663365926477,0.0012609717629694,0.0087176578582578,-0.0070120679928377,0.2336448598130841,0.587516960651289,0.0210526315789473,0.3321033210332103,0.6599690880989181,0.3614035087719298,0.1896103896103896,0.8421052631578947,0.45,0.0
2025-12-03,0.0415970349005473,-0.0034086849669761,0.0100756382811427,0.0118911324831495,0.0032328589591119,0.0312242574821789,-0.0148789752569024,0.0071948998178505,-0.0041152503476375,0.0096523903340696,0.8636363636363636,0.8292079207920793,0.0754716981132075,0.420886075949367,-0.0138339920948616,0.6070528967254408,0.1470588235294117,0.7804878048780489,1.0,0.5392320534223706
2025-12-04,-0.001736111111111,-0.007963319792353,0.0142371651087924,0.0008967369436052,-0.0155049602490795,-0.0048418092695402,0.0123538009621212,-0.0020854925204553,0.0016304901661061,0.0037352762248748,1.0,0.4708276797829037,0.2285714285714285,0.2078774617067833,0.7393364928909953,0.2099827882960412,0.3999999999999999,0.503448275862069,,0.2
2025-12-05,-0.010038513792095,0.0255791150713678,-0.011599672931462,-0.0099210899183723,-0.0143296695633983,-0.0013820079907319,-0.0166512579693637,-0.0206537017584263,0.000409340685084,-0.0011870234986548,0.75,0.785234899328859,0.6610169491525423,-0.3636363636363636,0.2679425837320575,0.5486348122866894,0.2782608695652174,0.8434782608695653,0.0,0.4742857142857143
2025-12-08,-0.0075535104146952,0.0290758442690994,-0.013451411900497,-0.0091758346742009,0.0220168563688291,-0.0168496462086349,0.0207208576976298,-0.0151971537708417,-0.0089976466979094,-0.0097527225452222,0.9162790697674418,0.4902597402597403,0.3809523809523809,0.4536585365853658,0.2263736263736263,0.3891774891774892,-0.0439024390243902,0.5253012048192771,0.35,0.511304347826087
2025-12-09,-0.0063787873232736,0.0027512395132971,-0.0064221635801602,-0.0002546054942652,-0.0084560601663375,-0.0146582506842569,-0.034897182923692,-0.0052124742591863,-0.0086724231867435,-0.0139938623380794,0.625,0.6583700440528634,0.3992327365728899,0.4197693574958814,0.5316455696202532,0.3447042640990371,0.8423728813559321,0.8454106280193238,0.7,0.4514285714285714
2025-12-10,0.006068994720966,-0.0357364341085271,0.0008893691074275,-0.0067785651117053,-0.0080861106025642,-0.0043566003996222,-0.0036870374427889,-0.0032954173224011,-0.0074230141688873,0.0120718238518623,-0.088235294117647,0.4410256410256409,0.5608695652173913,0.4324675324675325,0.2690140845070423,0.1947368421052631,0.2272727272727273,0.724731182795699,-0.3333333333333333,0.4714285714285715
2025-12-11,-0.0069933752834571,-0.0162340128898684,-0.0023150524932421,0.0027548625275614,-0.0071554533384605,-0.0063523102683981,-0.0059750592004476,-0.0001824496127954,0.0065342834793222,-0.0085583226147935,0.2621359223300971,0.4844192634560907,0.3449401523394994,0.4850299401197604,0.2628962088253573,0.328440366972477,0.032258064516129,0.5275938189845475,0.0,0.0630872483221476
2025-12-12,-0.0139903490045989,-0.0508666431096733,-0.0483732089941253,-0.0227510653598694,-0.0330613036384745,-0.0251769955773667,-0.0285500077759023,-0.0250225834877196,-0.0088033633557131,-0.0321562067544302,-1.0,0.1014492753623188,0.32,0.3095238095238096,0.1029411764705882,0.4446601941747574,0.25,0.4810126582278481,,0.4285714285714285
2025-12-15,0.0013637249172024,-0.0095559472939957,0.0031595576619272,-0.0071956330873013,0.0132168598209951,-0.0060867399033944,0.0148030059589763,0.005618554287432,-0.0006522457662896,0.0144652095871607,0.2236286919831223,0.3162184189079054,0.186219739292365,0.3069124423963133,0.0762910798122065,0.3764007910349374,0.2408759124087591,0.5129824561403509,-0.5,0.4015209125475286
2025-12-16,0.0129215407179466,0.0152067993620135,0.0258162950460008,0.0135394151244685,0.0243465989519395,0.0403940165239168,0.0394526039325321,0.0130176814719298,0.0066671697316432,0.01715183339731,0.0,-0.0832137733142037,-0.2318840579710145,0.1999999999999999,0.3615560640732265,0.4553014553014553,0.5609756097560975,0.4072727272727273,1.0,0.2761904761904762
2025-12-17,-0.0011180590084074,-0.0074937343358395,-0.0070458137378105,0.0078048634920782,-0.0192918175399692,-0.0032873717145915,0.0099939766599346,0.000619659222999,0.0014230732254031,-0.0027905228720999,0.4954954954954954,0.5895765472312704,-0.0066115702479338,0.305982905982906,-0.0601941747572815,0.5957219251336898,0.6705882352941177,0.8714285714285714,0.8,0.511764705882353
2025-12-18,-0.002774262300359,-0.0004665267086541,-0.0031486786567898,-0.0117844006579347,0.0059473747481044,0.0011640498495112,0.0047973361698852,-0.0034739060913,-0.0035140415559475,0.0093546770130132,0.0,0.5377777777777778,-0.336,0.4048192771084337,0.7263157894736842,0.3876404494382023,0.0566037735849056,0.6298642533936653,1.0,0.6115384615384616
2025-12-19,0.0024468049904165,0.0515994170302881,0.0103050488243714,-0.0037193411048245,0.0053239230659779,0.0050598996871422,0.0103151393092621,-0.0029378943840435,0.0030050321548297,0.0022211486127781,0.5599999999999999,0.6642335766423357,0.1125,0.4493006993006992,0.1282383419689119,0.3214285714285714,0.0631578947368421,0.861842105263158,0.85,0.4910714285714287
2025-12-22,0.014701444633271,0.0414609193719639,0.0122458439161909,0.0050171230162356,-0.0039615333624661,0.0163558026160341,0.014698182427796,0.0159223300970873,0.0084191371248243,0.014349907419952,0.5518072289156628,0.5258064516129033,0.5764705882352942,0.5443037974683544,0.3347826086956522,0.2388625592417061,0.274074074074074,0.7220338983050848,0.3333333333333333,0.3790909090909091
2025-12-23,-0.0083549049413645,0.0380102373292304,-0.0105578147665054,-0.002736669421291,-0.0033510944721636,0.0022971365516852,-0.0025434828962197,0.00197511293264,0.0041109164712958,-0.000768547483935,0.448936170212766,0.437037037037037,0.5150375939849624,0.2394366197183098,0.467741935483871,0.5617977528089887,0.7,0.7659574468085106,0.0,0.4571428571428572
2025-12-24,0.0052004136214662,0.0213900184787085,0.0008925852533871,-0.0070925034821231,-0.0102195665168391,0.0121286740756498,0.002298891202021,-0.0008802686267121,-0.0013214728200937,-0.0034591699974622,0.398780487804878,0.5325581395348838,-0.0153846153846153,0.5302325581395348,0.4705882352941177,0.4571428571428572,0.4210526315789473,0.4666666666666667,0.5,0.315625
2025-12-25,0.0012241563540579,-0.048644958932458,-0.0060743380796164,-0.009326763098551,-0.0046859157863937,-0.0123275228450383,0.0008207893803075,-0.0007442415645896,-0.000710860809225,-0.0024391372077155,0.48,0.4142857142857143,0.5,0.6849315068493151,0.7000000000000001,0.5214285714285715,0.2909090909090909,0.1307692307692307,-0.4,0.308
2025-12-26,0.0019047619047619,-0.0199470896614542,0.0161004378894501,-0.0017762475346931,0.0005196885917982,0.0009663027620423,0.0217089780337071,-0.0161361255002886,-0.0051785355396261,0.0047834554876808,0.2857142857142857,-0.0424528301886792,0.625,0.6158940397350993,0.3,0.3225806451612903,0.5217391304347826,0.6153846153846154,0.7,0.3
2025-12-29,0.0009469696969696,0.0558793571061054,-0.0015478886437515,0.0136813634848514,0.0044170630051484,0.0097582860740506,0.0446728948000482,0.0093155142219217,0.0054545809279122,0.0093491200828157,0.504424778761062,0.3976786805131338,0.2982456140350877,0.5022624434389141,-0.2333333333333333,0.5443864229765013,0.4896551724137931,0.4309859154929578,0.25,0.2065344224037339
2025-12-30,0.0096271862201022,0.0004957685098217,-0.0130113355391285,0.0169711897176279,0.0100577180195788,0.0039728182437778,-0.0083218156719769,-0.0013081197827695,0.0118188801012826,-0.0063817326641003,0.4589595375722543,0.9454545454545454,0.2210526315789473,0.7130434782608696,0.2,0.6,0.5690140845070423,0.8736842105263157,1.0,0.5475409836065573
2025-12-31,-0.0021316349484765,0.0187889303432487,-0.0079599186319227,0.0013613807276459,-0.0067914883546718,-0.0046995793051319,-0.0164933960640479,-0.0092895975866702,0.0130992553172701,-0.0043692712034274,0.4265232974910394,0.6435246995994659,0.4344262295081967,0.1510791366906474,0.3769230769230769,0.606060606060606,0.183673469387755,0.5833333333333334,0.6,0.5263157894736842
2026-01-05,-0.0085058840418178,0.0299972103875025,-0.0186544312080103,-0.0074370795001692,-0.0119297024606479,0.0244031944429727,0.0412814706112355,-0.0025320721860182,-0.0035333777151211,-0.0023979042849528,0.5374878286270692,0.5741324921135648,0.4909596662030598,0.4867617107942973,0.3482309124767225,0.3687467766890149,0.5241635687732342,0.6959459459459459,0.5,0.2614285714285714
2026-01-06,0.0116414826275661,0.0231271995977879,-0.0031093245378959,-0.0058470900805191,-0.0001492461345025,0.0100178104426196,0.0514808951307719,-0.0051077094710933,-0.0002697311929777,0.0109734408923944,0.126,0.440655737704918,0.4344827586206897,0.5007299270072992,0.1324324324324324,0.4692307692307692,-0.2028985507246377,0.2947368421052632,0.9,0.123076923076923
2026-01-07,0.0424564105293172,0.0257046787237097,0.0305920343153753,0.0564696631825543,0.0132774137352582,0.0228561585670551,0.050677170859499,0.0351263623998552,0.0051542770841016,0.0293022216473219,0.3653333333333333,0.0694736842105263,0.8117647058823529,0.347239263803681,0.3974025974025974,0.6363636363636364,0.4666666666666667,0.6105263157894737,1.0,0.5137809187279152
2026-01-08,0.0467002332868229,-0.0252146827974472,-0.0059357976252171,0.0009860364235378,0.0052640201109664,-0.017605130836062,0.016522618179505,0.0041939914970314,0.0006485084306095,0.0075038838754499,0.4641555285540705,0.4636015325670497,0.5371900826446282,0.2286501377410468,-0.3875,0.0579439252336448,0.8057054741711643,0.6421052631578947,1.0,0.5611940298507463
2026-01-09,0.067981420832726,-0.0178386212531635,-0.0090073070140717,0.0675470518247794,-0.009548991569216,0.0007501598351921,0.0221943277592096,0.0069992724254654,0.0005583472920155,-0.0016120986561867,0.3901060070671379,0.4682926829268293,0.4354430379746836,0.204,-0.1894736842105263,0.0818181818181818,0.302,0.46875,1.0,0.12
2026-01-12,0.0523374133863826,-0.0397736036457116,0.0486316529215029,0.0415506845507005,0.0187598711134106,0.0199409257760066,-0.0174238300275727,0.0161968532638275,0.004035072799597,-0.0030411877394636,0.5758389261744967,0.7087499999999999,0.7714285714285714,0.6137404580152672,0.1550295857988165,0.2563636363636363,0.3553191489361702,0.5186991869918701,0.4857142857142857,0.2008810572687225
2026-01-13,0.0161984744850129,0.0168814680493821,-0.0062923188939263,0.0080785886549919,0.0288481914498714,-0.004368094786405,0.0691032028258509,-0.0045427084096938,0.0050987890376035,0.0343226068953765,0.6813509544787079,0.6849073256840248,0.4918743228602383,0.7374999999999999,0.1310344827586207,0.3142100617828772,0.5058823529411764,0.8070175438596491,,0.1999999999999999
2026-01-14,0.0330954797554997,-0.0305063111365565,0.0042693515393095,0.0571829471388824,0.051873395712598,-0.0037781760154439,0.0266218395266185,0.0315447344160375,0.0046839523743994,-0.0027946382857937,0.4855284552845528,0.4913333333333333,0.7999999999999999,0.6972972972972973,0.50234375,0.1755555555555555,0.91340206185567,0.6549295774647887,0.4,0.5526315789473685
2026-01-15,-0.0528846816579967,-0.0341083517930377,0.0303548677599854,0.035595947138112,0.0117195005473471,-0.0160368779767532,0.0029241792192622,0.0087032209445211,0.0147085641740028,-0.003433575913242,0.2730318257956449,0.3360323886639675,0.4888888888888889,0.7848101265822784,0.2768959435626102,0.08,0.4090909090909092,0.5758426966292134,0.7,0.3352380952380953
2026-01-16,0.0043961909255586,0.0328587362736866,-0.005861365953109,0.032047816893229,-0.0062128709968473,0.055513634179786,-0.0107901561638841,-0.0048713647101619,0.0064390802911037,0.0075032826861751,0.4076433121019108,0.3758865248226951,0.3846153846153846,0.4872881355932203,0.0192307692307692,0.761904761904762,-0.25,0.1503496503496503,0.7,0.1399999999999999
2026-01-19,0.0078679818405846,0.0043239717163596,-0.0042327656342992,0.011073845755721,-0.0090049514771283,0.0201124733164127,0.047730613387186,-0.0076944197248354,0.0024692381755278,-0.0040059114853684,0.4868322046651617,0.4167073766487543,0.3333333333333333,0.7113752122241087,0.253012048192771,0.4549194377785395,0.4788902291917973,0.5470737913486006,1.0,0.3927272727272727
2026-01-20,0.0084436832081261,-0.0126468247869815,-0.012690963419967,0.0161024484869546,0.0202108888278742,-0.0040330320090752,0.0071866634256354,0.0562662725792332,-0.0129812226699819,-0.0001844107085799,0.5272727272727273,0.5793103448275861,0.2736842105263157,0.4285714285714286,0.676923076923077,0.5515151515151515,0.238095238095238,0.7157894736842105,,0.6
2026-01-21,0.000196055502354,-0.0052409942259529,-0.0206668834816926,0.0013717094390518,-0.025322227957194,-0.0157663855795046,0.0327287144414708,-0.0066852555073391,-0.0062103618387237,0.0070108881050451,0.5522388059701493,0.9,0.5076923076923078,0.7787234042553192,0.52,0.418421052631579,-0.0697674418604651,0.7571428571428571,,0.1354838709677419
2026-01-22,-0.0170186286069136,0.000140616749881,0.0132817298364156,-0.0319339687610898,0.0028402135057049,-0.0003862968286837,-0.0377048995263387,-0.0034502526871143,0.00064415513968,0.0125021916607549,0.4864516129032258,0.0254545454545454,0.7368421052631579,0.7647058823529413,-0.4162162162162162,0.6454545454545454,0.3411764705882354,0.3476923076923077,0.78,-0.032258064516129
2026-01-23,-0.0264787103185917,0.0065931168624045,-0.009608951320628,-0.0472220480782829,-0.0297014531524119,0.0089863389470111,-0.0411142164226486,-0.0200171032632964,7.988512720946694e-05,-0.0261609974334394,0.2664092664092664,0.5148514851485149,0.0424242424242424,0.1955128205128204,0.0745098039215686,0.3114754098360656,-0.1428571428571428,0.5808823529411765,1.0,0.356043956043956
2026-01-26,0.0091763352971774,-0.038363678226195,-0.0256101409544144,0.0050023737253123,-0.0041296201180571,-0.0045411889105782,0.0353847038629646,-0.0636395726905215,-0.0031633635410988,-0.0035140124529858,0.3040494166094715,0.2049518569463548,0.3952380952380952,0.6898550724637681,0.0801393728222996,0.4109803921568627,-0.126865671641791,0.4835355285961871,0.7,0.3308943089430894
2026-01-27,0.0058604928400919,-0.0545262900625656,0.0018455423055082,0.0225673353237956,-0.0012161510172505,0.0084743693564206,0.0691124673946692,-0.0014477435579748,-0.0001822163632466,0.0115475515220268,0.3122171945701357,0.1178247734138972,-0.65,0.6990291262135923,-0.0288461538461538,0.442528735632184,0.4024390243902439,0.6731301939058172,0.0,0.3857142857142858
2026-01-28,-0.007850240704144,-0.0273862755053352,0.0161826163759253,-0.0003598245996614,0.0081322953956315,0.0002778144626184,0.0105106938322191,0.0057860181924882,0.0069805606094395,-0.0116977705769154,0.5555555555555557,0.2808955223880597,0.4652173913043477,0.1803921568627451,0.4844827586206897,0.61,0.5555555555555557,0.5139534883720931,0.8,0.2666666666666666
2026-01-29,8.979885057473307e-05,0.0155545797494834,0.0093528369005861,0.0061968478001005,0.0452613490195554,0.0611708802173818,-0.0156454828598713,0.0105856520893305,0.0001058662348984,-0.0098554518237818,0.2716417910447761,-0.016,0.1692307692307692,0.3714285714285715,0.3423728813559322,0.4256410256410255,0.4727272727272728,0.4647058823529413,,0.2571428571428572
2026-01-30,0.0201045486752254,0.0201885700107517,-0.0089394694747737,-0.0018750432557424,-0.0054194225889366,0.0278288605568344,0.0186142963789505,0.0186507946117621,0.0023477983603505,0.009843963997077,0.6003490401396161,0.5714285714285714,0.5059288537549407,0.5463414634146341,0.679245283018868,0.6009389671361502,0.3294117647058823,0.6123456790123457,,0.6333333333333333
2026-02-02,0.0166921437987229,-0.0503806761552878,-0.0169858798253971,0.0265967630087849,0.0086660722412623,0.0028938080720089,0.0273143915758516,0.006715971444558,-0.001230012300123,0.0154188678168523,0.3222222222222222,0.554074074074074,0.8518518518518517,0.6314606741573034,0.3849999999999999,0.6358565737051793,-0.1333333333333333,0.5646341463414635,1.0,0.2732394366197183
2026-02-03,-0.0010910986514544,-0.0043948613928329,0.0046166738517775,0.0132179021275448,0.0100967226059516,0.0201191750733256,0.0008436163781301,0.0396904977804895,0.000177229164206,0.0051802086500051,0.5087427144046628,0.4805914972273567,-0.1903765690376569,0.6875,0.2421875,0.3216612377850162,-0.005181347150259,0.5428571428571428,0.0,0.2022556390977443
2026-02-04,-0.012259728493239,-0.0515736705777494,0.0475681078929107,-0.0160122268565292,-0.0050595881290879,0.00025956284153,0.0016317016317016,-0.0011027540865563,-0.0014840051509114,0.0085765255792915,0.2884480746791132,0.4664788732394366,0.5615094339622642,0.6050847457627119,0.2619439868204283,-0.0284313725490196,0.1858267716535433,0.289430894308943,0.0,0.1628808864265928
2026-02-05,-0.0291509057099079,0.0411601457119359,-0.0213555523007123,-0.0475428652706216,-0.0370517046259352,-0.0304195379334552,-0.0248853315460693,-0.0279849844293257,-0.0030337359490152,-0.0121394972640139,0.2,0.1502145922746781,0.4178217821782177,0.3662921348314606,-0.1657894736842105,0.4244776119402985,0.2338983050847457,0.4256410256410257,0.4,0.3260273972602739
2026-02-06,-0.0270918148364859,-0.0020971142864523,-0.0343573774840453,-0.0308513211648405,-0.0140198193034586,-0.0276062326202899,-0.0003491027831291,-0.0073061831465601,-0.0020443280488197,-0.0206973871834696,0.2048780487804878,0.1904761904761905,0.4571428571428572,0.25,0.2923076923076924,0.3605633802816902,-0.0776119402985074,0.6800000000000002,1.0,0.1481481481481481
2026-02-09,-0.0083738970064178,-0.005239120506296,-0.0006664458022586,0.0001342507747044,0.0071775966440441,0.0075474425015379,0.015452574922184,0.0008771872437675,0.0051489569096603,0.0017659677390335,0.0515873015873015,0.36875,0.1379310344827586,0.5035714285714286,0.1142857142857143,0.4578313253012048,0.1758620689655172,0.4640000000000001,0.15,0.1972972972972972
2026-02-10,-0.0328002432350258,0.0479280771913233,-0.0036311310467325,-0.0330764021671154,-0.0191202470973792,-0.0232862375719518,-0.0615135340081962,-0.0044248108618066,-0.0056592202345066,-0.0191320281564347,0.1421052631578947,0.8461538461538461,0.58,0.64,0.2857142857142857,-0.1028571428571428,0.4666666666666666,0.4909090909090909,,0.5692307692307692
2026-02-11,0.0255479702292045,0.0411967112798879,0.0116387446520824,0.0083247386194683,0.0110437112114858,0.0312906688602538,-0.0261070188881699,0.0133995926479091,0.011548540435127,0.0148901712137781,0.3753449862005519,0.8144796380090498,0.3206106870229007,0.36,-0.0555555555555555,0.2509090909090909,-0.1111111111111111,0.5346534653465347,,0.2303030303030303
2026-02-12,-0.0082256939030059,0.0414613042950447,0.000556250869142,0.0041682508004098,0.0001862810597581,0.0123771407247673,0.0036629375676651,0.0130453087003276,-0.0066286065181799,0.00545539464763,0.4619015509103168,0.6757894736842105,1.0,0.1740412979351032,0.851063829787234,0.518348623853211,0.5384615384615384,0.4296296296296296,0.1,0.4
2026-02-13,0.0017449724136397,-0.0056490687822403,-0.0027775463927068,-0.0175854165929809,0.0003955634729594,0.0031858366951081,0.012647002345664,0.0057491271719189,-0.0035570633975369,0.0028348907178377,0.5775061124694376,0.7202072538860104,1.0,0.425531914893617,-0.0340425531914893,0.4263736263736264,0.5701492537313433,0.4691689008042895,0.0,0.0357142857142857
2026-02-23,0.0268516299204265,0.0125392964412192,0.0255645634807459,0.0433827374464929,0.0127838272336671,0.0056205206220419,0.0693089048771483,0.0194001056945219,0.0077934808863253,0.0170134764220966,0.4732775273663876,0.2869752421959096,0.5143603133159269,0.6597249508840864,0.5002898550724638,0.3153024911032028,0.3918699186991869,0.5331991951710262,0.8,0.3544217687074831
2026-02-24,-0.0137108478541753,0.0021356282570835,0.0300367901013456,-0.0155657385246812,0.0049120047716345,0.004792761183477,0.0226759173120477,0.0292155399093702,0.0013631143828569,0.0106384073065965,0.4724409448818898,0.037037037037037,0.8857142857142857,-0.1111111111111112,0.1136363636363636,0.5815217391304348,0.9257425742574258,0.7428571428571429,0.0,0.0699999999999999
2026-02-25,0.0014212198505391,-0.0245681241600483,0.0190428486200318,-0.0140013934672958,0.0102644662628109,0.0007665186985003,-0.0033787969765133,0.0063892021542758,-0.0024853441162621,0.0086158350944695,0.3987577639751553,0.1636363636363636,0.3283018867924528,0.1179487179487179,0.25,0.5027777777777777,0.4,0.4909090909090909,,0.0098360655737705
2026-02-26,0.001192455698608,0.0234489100158093,-0.0017609561849607,-0.0051572531602894,-0.0081184173394069,0.0079704548333294,-0.0077088008405136,-0.0120256705158127,0.001082251082251,-0.0059471201422414,0.5124653739612188,0.3006993006993007,0.576530612244898,-0.150943396226415,0.8,0.6054054054054054,-0.0732984293193717,0.5428571428571428,0.0,0.1076923076923076
2026-02-27,-0.0084968918723569,-0.0006064190699142,-0.0162565978980147,0.0047138025920485,-0.0218691766307368,-0.0077632804335066,0.0184091603678537,0.0180398616995037,-0.0036965654163989,0.0091109599828108,0.5658103689864549,0.5790306627101879,0.6074391988555078,0.4388548057259713,0.8098113207547171,0.0573755656108597,0.0502923976608187,0.4161773517076094,0.9,0.3975903614457832
2026-03-02,-0.041261793441996,-0.0513898676689374,-0.0168039235071547,-0.0497838048754678,-0.0186196496676458,-0.0202734078972752,0.0695537144087318,-0.0037207921441285,0.0013422206692094,0.0503242151073984,0.2463939765661351,0.4099449181317437,0.1919164519191644,0.4310026946532407,0.2646270971380234,0.3599170697995854,0.2231544807163505,0.2460803285810197,-0.6428571428571429,0.0990291262135922
2026-03-03,-0.0276507804293783,-0.0480872460483757,-0.0179492577546388,-0.0205888287166636,-0.0304501132684322,-0.0321906764808972,0.069303547356575,0.020755547212933,-0.0010752688172043,0.0224405950320069,0.5379644588045235,0.4954545454545455,-0.0533578656853725,0.575,0.75,0.4036300777873812,-0.4830769230769231,0.0516655336505778,,0.0763747454175152
2026-03-04,0.0279090599944547,-0.0125106532460715,-0.0161217641418983,-0.0277301478186644,0.0035441563377709,-0.0003934383906345,0.0378798404528064,-0.030963562612704,-0.0035251373498871,-0.0314143448584536,0.482998454404946,0.4999999999999999,0.2058823529411764,0.5000000000000001,0.5440251572327045,0.3578947368421052,-0.3178807947019867,0.0566893424036281,0.24,0.3452685421994885
2026-03-05,-0.0132489343015658,0.0263469872010297,-0.0153815353129402,-0.001887948011366,-0.0143057495675091,-0.0269957302215366,-0.0667019764142065,-0.0188303359247246,0.0016050129469235,-0.0092618016072346,0.2707964601769911,0.2675675675675675,-0.2571428571428571,0.3176470588235294,0.3,0.4526315789473684,0.2509090909090908,0.4051948051948052,0.4,0.6807692307692307
2026-03-06,-0.0162458381032967,-0.0138950654270939,-0.0091126239721596,-0.0338988886539488,-0.0134669377526439,-0.0231460282780977,-0.0346798993333294,-0.0027112390250194,-0.0044170004815325,-0.0275499004507554,0.5555555555555556,0.3745019920318725,0.8720000000000002,-0.0689655172413793,0.3235294117647059,0.1467661691542288,-0.1821305841924398,0.0721311475409836,,0.0
2026-03-09,-0.0691384116710151,-0.0683626098949473,-0.0688597190868516,-0.0884431687923885,-0.0691691338589551,-0.0694087660827877,-0.0683764745424382,-0.0880341611871955,-0.0186280271837187,-0.0689355447244912,0.359098228663446,0.0642857142857143,0.3468013468013468,0.1294718909710391,0.4571428571428571,0.2151616499442586,-0.0257948410317936,-0.0095465393794749,1.0,-0.0068493150684931
2026-03-10,0.0468834179246514,0.0013559277738337,0.0477275434046426,0.0391776273811603,0.041478478864394,0.0444876617093489,-0.0460162265362661,0.0071590539460161,0.0270513838602722,-0.0033458146071746,0.3714285714285715,-0.2475570032573289,0.2231263383297644,0.344,0.2502325581395349,0.26,0.1441059602649006,-0.4816793893129771,,0.112
2026-03-11,-0.0003219369913565,0.0466431151182391,0.0223056107851296,0.023649132309093,0.0281333417760876,0.0620449856062066,0.0438359912004153,0.0581632181696702,-0.0007419458718116,0.0269990772010735,0.4272409778812573,0.6627140974967062,0.7410228509249184,0.8554216867469879,0.7495183044315993,0.591256830601093,0.3713919178960872,0.3777777777777777,0.6,0.2532019704433497
2026-03-12,-0.0185025240689319,0.0199821418309927,-0.0252407919308148,-0.0315269986735319,-0.0147329281757616,-0.0185792385548286,-0.0328349983584259,-0.013228171487931,-0.0007512446250402,0.0098221193072236,0.6186915887850467,0.4792452830188679,0.1859649122807017,0.7555555555555555,0.7931034482758621,0.4072727272727272,0.1392857142857143,0.2166666666666666,,0.4516129032258065
2026-03-13,-0.008192756612199,0.029065755251456,-0.0031535017648245,-0.0144798542868143,0.0167031737859377,-0.0205452025163389,-0.0564808713744883,-0.0150623189805602,-0.0097927811780909,0.006329619714864,0.1595744680851064,0.4241573033707865,0.3021276595744681,0.3407534246575343,0.0285714285714286,0.4018691588785047,0.1263837638376383,0.3804347826086957,0.6,0.0710526315789473
2026-03-16,-0.0025293839678177,0.0294065074297639,0.0048421812380372,0.0161505681717304,-0.0079274662999074,-0.0029645981243174,-0.0492025423576225,-0.0158770351824616,0.0052627174894381,-0.0133645977237163,0.3067226890756302,0.1488469601677149,0.2701421800947867,0.4829268292682927,0.2009803921568627,0.275,0.0428305400372439,0.1223175965665236,0.7,0.0657894736842105
2026-03-17,0.0133180977365957,0.0074681638707803,0.0049679198151972,0.0175238832569759,0.0058777656449028,0.0140161490284891,-0.0355843625114925,0.0127945994512449,0.0053185385575836,-0.0097795487580955,0.3858823529411765,0.5869218500797448,0.0769230769230769,0.4719101123595505,0.36,0.5182926829268293,0.0419287211740042,0.3073684210526316,,0.075
2026-03-18,0.0128184858328302,-0.0103543377110446,0.000169912764855,-0.0076786401575921,0.0013730425408474,-0.0051710532790558,0.0639477039432046,0.0179719094373486,-0.0076001454403561,0.0162538028957171,0.3300390117035109,0.4661870503597122,-0.54,0.7381294964028777,0.4145454545454546,0.2021505376344086,-0.1153846153846153,0.4174825174825175,-0.4666666666666666,-0.12
2026-03-19,-0.0124362489077435,0.0218569231968935,-0.0084845310588446,-0.0168238380872021,-0.0040456545633809,-0.0069661617949707,-0.0326374334335669,-0.0298684482607208,-0.0152903234297296,-0.0027464039877148,0.4485981308411215,0.1688311688311688,-0.081081081081081,0.0499999999999999,0.1481481481481481,0.3264705882352942,0.0186721991701244,0.3357664233576642,0.0,0.045
2026-03-20,-0.0275145287178015,-0.0413103364333011,-0.0179299694929972,-0.0040053350121775,-0.0367522343578161,-0.0244616266629528,-0.0693660654065702,-0.0294847058760542,-0.0091248326284534,0.0159902045782123,0.471264367816092,-0.096938775510204,-0.5571428571428572,0.4779411764705883,-0.0869565217391304,0.6261682242990654,-0.1514285714285714,0.6117824773413897,0.7,0.2892857142857143
2026-03-23,-0.0241130164926521,-0.0522586375344169,-0.03529873632711,-0.0382195541110716,0.0044275476161405,-0.0571313731063081,-0.0196296345595286,-0.0575196094191777,-0.0039153940519319,-0.0399921050713321,0.2907749077490775,0.1027027027027027,-0.2783783783783783,0.1915789473684211,0.5428571428571428,0.3104166666666667,0.241025641025641,0.3529411764705881,0.9,0.1625
2026-03-24,0.0198764768319384,0.0180068326841158,0.0259167388066592,0.0210549174017369,0.0254227998791573,0.0289592853905429,-0.0167024785978623,0.0358942012588343,0.0023559053887947,0.0235676206690792,0.3581081081081081,0.2199367088607594,-0.1,0.7187499999999999,0.2812499999999999,-0.3671875,0.1076923076923076,-0.3504672897196262,0.675,0.25
2026-03-25,0.0095232449340664,0.0439303362484431,0.0126585968372507,0.0266409668268285,0.007392374136005,0.0319343540972646,0.0324355692535436,0.0310046358291973,0.0065443369492663,0.0633544623171137,0.405054797584433,0.1315336013785181,-0.308411214953271,0.7907473309608543,0.950442477876106,0.6444204269116455,0.4885177453027139,0.2727272727272727,0.8,0.3257142857142857
2026-03-26,-0.0103645537197861,0.003055576543836,-0.0046577284799972,0.0218811356896895,-0.0183340542547417,-0.0072970010179312,-0.0206679402240919,0.0068482845637715,-0.0066408865574593,-0.0018557058317102,0.0960591133004926,0.7510373443983402,0.5692307692307692,0.8769230769230769,0.135593220338983,0.274601686972821,0.4337662337662338,0.5933014354066986,0.48,0.044776119402985
2026-03-27,0.0231838113658931,0.0152020981417379,0.0283105814519466,0.0048415945835824,0.0113041200090068,0.0265973199954737,0.0371908497753883,0.014523493886376,0.008962401281248,0.0005295371707585,0.52103605180259,0.8064090480678606,0.4173913043478261,0.5209032651815685,0.524773413897281,0.0717959617428268,0.1456768558951965,0.1399867812293456,-0.9,0.2958139534883721
2026-03-30,-0.0150649358230434,-0.0183191765235108,0.0084848718484934,-0.0217268526496948,0.001951425138287,-0.0044245654785205,-0.0077884263211724,-0.0016063402499217,0.0064068564308506,-0.0079123229083133,0.4315018315018314,0.5855572998430141,0.3920265780730896,0.5737373737373739,0.2563218390804598,0.4268943436499466,0.4332288401253917,0.3960066555740432,0.2823529411764706,0.2708978328173375
2026-03-31,0.0055364758004463,0.0214033909686082,-0.003637405980554,-0.0030214654928439,0.0036838797059829,0.0041254125412541,-0.0312564055268526,0.0098830770999948,-0.0009948333222281,-0.0119803653679253,0.5802769006558174,0.4020044543429844,0.3083718973496003,0.4519546949214468,-0.2675404780262143,0.4974965862539827,0.3513513513513513,0.1897459372854199,1.0,0.3897754936434947
2026-04-01,0.0137997992464477,0.0381157856886012,0.0056844582629221,0.0262089099884578,0.0121242812199187,0.00796385628571,0.0097123697044034,0.0023840236394311,0.0075081122797101,-0.0028820507081376,0.3023872679045092,0.7846674182638106,0.52,0.8163265306122448,0.1555555555555555,0.3676470588235294,0.4085106382978724,-0.0209790209790209,,0.1446428571428571
2026-04-02,-0.0133911861983199,0.0148647787235268,0.001265296935287,-0.0131243938812487,-0.0084664703170403,-0.004033373224611,-0.011226159545125,-0.030000308014629,-0.0027454970924222,-0.0189919620171002,0.375,0.6266666666666667,0.4823529411764705,-0.0074074074074074,0.2258064516129032,0.2296296296296296,-0.0631578947368421,0.5281690140845071,,0.0
2026-04-03,-0.0131803735790294,0.0158348917219447,-0.0171242502127657,-0.0168188351256983,-0.0086181980253928,-0.0253239803464913,-0.0056391515041096,-0.0191437013380391,0.0012622109072186,-0.0270740760322441,0.4145077720207254,0.0989473684210527,0.388235294117647,0.2631578947368421,0.186046511627907,0.4896551724137931,0.2482758620689655,0.5560975609756098,,0.1813953488372092
2026-04-06,0.0033077284213753,0.0010307254642388,-0.0042058919696067,-0.0089866814560299,0.0072589678441657,-0.0186253631645304,-0.0281990503805285,0.009654634891136,-7.233243183291105e-05,-0.0168440255396777,0.3215384615384615,0.4461206896551724,-0.120954003407155,0.3105263157894737,0.1829268292682927,0.0949868073878627,0.5273584905660378,0.1191275167785234,0.3999999999999999,0.19921875
2026-04-07,0.0004235493434985,0.0032202383380556,-0.0004694302615573,0.0034903155177294,-0.0029477159551909,-0.0216547048345779,-0.008696632191408,-0.0066732331840092,0.0054322501853862,0.0068548387096774,0.1224719101123595,0.5439739413680781,0.1679389312977099,0.3384615384615384,0.6551724137931035,-0.1617995264404103,0.0839160839160839,0.41287284144427,0.4,0.0883928571428571
2026-04-08,0.0477913180811874,0.0690281603081906,0.0420261431094804,0.0520753663768222,0.0305025174065031,0.0617978348638018,0.0348544706216347,0.0339472401900265,0.0028391487645397,0.0342034097589653,0.5061389337641358,0.4159183673469387,-0.152,0.92,0.3022222222222222,0.1188811188811188,0.6090909090909091,0.6593220338983051,1.0,0.236764705882353
2026-04-09,-0.015960059362167,0.0081862592746987,0.0166469094723136,-0.0171594729507386,-0.0052046554116936,0.0077442532158105,-0.0200522607898714,-0.012213642529765,-0.0043893192847524,-0.0123383346494691,0.5128205128205129,0.1481481481481481,0.6291390728476821,0.6666666666666667,0.3323943661971831,0.4822695035460993,0.6812500000000001,0.1556064073226544,,0.1567567567567568
2026-04-10,0.0038867050361302,0.0052727110078166,-0.0095592273174646,0.0036460587702487,0.0105769857832267,-0.0037310041149942,0.0391350609629693,-0.006070816974151,0.0013816776312646,0.0080066198866202,0.3650557620817843,0.346031746031746,0.1394658753709199,0.2452830188679245,0.9433962264150942,0.2239263803680982,0.3897435897435897,0.0871794871794871,0.0,-0.1132075471698113
2026-04-13,-0.0089257140983483,0.0310831412090176,-0.0046133797834731,-0.005477043695146,-0.0068208114059641,0.0018813140011565,-0.0016786321477769,-0.0014613313261142,8.064295134235788e-05,0.0105705648324068,0.4566929133858268,0.3692528735632184,0.5450236966824644,0.5568181818181818,0.4071856287425149,0.5235404896421845,0.2884615384615385,0.710344827586207,0.2068965517241379,0.3676923076923077
2026-04-14,0.0019339699268553,0.0258567263357743,0.0539387489197583,0.0182048431508004,-0.0038784299883227,-0.000315301762235,-0.0185961343174438,0.007555349467565,-0.0026214985978619,-0.0042360118409286,0.5923295454545453,0.5294117647058822,0.2678571428571428,0.5833333333333334,0.8076923076923078,0.1607142857142857,0.475,0.7024390243902439,0.36,0.4097560975609756
2026-04-15,0.003980263529815,0.0518605430609936,-0.0154540562081516,-0.0176952269423647,0.0019442229808516,-0.0144123523450906,-0.007336139774354,-0.0019422331773883,-0.0002429145212677,-0.0107576085087638,0.5285714285714286,0.7532467532467532,0.7623762376237623,0.5273972602739726,0.4615384615384615,0.5789473684210525,0.2956521739130435,0.1692307692307692,0.75,-0.1307692307692308
2026-04-16,-0.0078891455663396,0.0283824313330685,-0.0052109241585854,-0.0173366863888745,-0.0005579889619192,0.008630303225107,-0.0087222932614272,-0.0078327663077783,-0.0105555555555555,0.006872882560216,0.5024630541871921,0.5332606324972737,0.9032258064516128,0.6742671009771987,0.4622950819672131,0.2473118279569892,0.1818181818181818,0.5857142857142856,0.7,0.2437499999999999
2026-04-17,0.0037988324661892,-0.0186484007848909,-0.0015624805993647,0.0158175353547092,0.0057156503221079,0.0349021567534192,0.0185269528718055,0.0035361461670965,0.0147275814163444,-0.0055762628612669,0.6468354430379748,0.5718685831622177,0.4186046511627906,0.6683006535947713,0.8550185873605949,0.5028901734104045,0.1,0.5853658536585366,-0.0333333333333333,0.0829787234042553
2026-04-20,0.0078203695688769,0.0304810800145725,0.0106425767473987,0.0030332225182235,0.0023247978436657,0.0139328839050335,-0.0124217043751292,-0.0043575551548844,-0.003161070109309,0.0059732877185707,0.383695652173913,0.4114002478314746,0.3620253164556962,0.6766467065868264,0.6581196581196582,0.5257214554579673,0.1424050632911392,0.618421052631579,0.6,0.1828571428571428
2026-04-21,-0.0063803705148826,0.0169784354720592,-0.0066762060757537,-0.0130348415808281,-0.0053460364079481,-0.0191275392587511,-0.0065008252218523,-0.0081487222423097,-0.0028181642206032,-0.0094952122148009,0.5121212121212121,0.3679775280898876,0.6847826086956522,0.2375886524822694,0.3891402714932127,0.3187250996015935,0.2222222222222222,0.6938775510204083,0.0,0.3101694915254238
2026-04-22,-0.00187795191852,0.0533659591339475,-0.0080926495507651,-0.0051945070653188,0.0003234692838778,-0.0017643492851437,-0.0116599876193269,0.0125362806011544,-0.0250767873391384,-0.0089919825180504,0.4116755117513268,0.6632743362831859,0.5403422982885087,0.483271375464684,-0.0150346954510408,0.4169354838709677,0.2,0.0694444444444444,0.47,-0.0692307692307692
2026-04-23,0.0359904689957428,0.0168882870360648,-0.0088539944939363,-0.004699723842469,0.0209902866524728,-0.0221216409492283,-0.003035850340367,0.004985322122466,-0.0146136350607722,-0.0296410151402984,0.5978494623655914,0.8470995005762582,-0.1611842105263158,0.8048128342245989,0.1544571932921447,0.6355828220858896,0.3563636363636363,0.7196261682242991,0.5555555555555556,-0.0252707581227436
2026-04-24,-0.0231830154945678,-0.0168866216492422,0.0021286361994956,-0.0068756205100567,-0.0157819416980414,-0.0125370955552155,0.0046357099567572,-0.0012464262880476,-0.0111835663187411,0.0045718478130264,0.5789473684210527,0.739622641509434,0.3666666666666667,0.567741935483871,0.6000000000000002,0.2313253012048192,0.8,0.2666666666666666,0.9333333333333332,-0.0191489361702127
2026-04-28,-0.011213177408889,0.062252140685947,6.206080167721802e-05,-0.0033600605405202,0.0104365347326793,-0.0171798110174522,-0.0530782079283606,-0.0098099032169304,-0.0051906334686773,-0.0256195156179918,0.5675675675675674,0.6199138343705123,0.4252148997134671,0.479188166494668,0.3415467187118809,0.4560091619509566,0.3241050119331742,0.4022988505747126,0.0,0.3391304347826087
2026-04-29,0.0010216716050443,-0.0280367884955189,-0.0008771929824561,0.0023131786696625,-0.0110880611714722,-0.0012442651099136,0.0149784714051255,1.8419030215118443e-05,0.0185278677993704,0.0030440432018753,0.4085561497326204,0.4411715481171549,0.0092307692307692,0.5767441860465117,0.5788235294117648,0.6728971962616823,-0.0713414634146341,0.6989761092150171,1.0,0.0368794326241134
2026-05-04,0.0150661101451693,-0.0349709850111882,0.0055205853867699,-0.0076947421010517,-0.0010526315789473,0.008917272007396,0.0277345093518304,0.0015088469919037,0.0025555589471087,0.0248406679652778,0.389388489208633,0.0270518110958276,0.4992743105950653,0.5198637911464244,0.3554757630161579,0.4679376083188908,0.3905405405405406,0.3355371900826446,0.911111111111111,0.3434243176178659
2026-05-05,-0.0073126466897975,0.010691266835964,-0.0131346447669976,-0.0046057212585458,-0.0019059955481911,-0.0047850052971917,0.0230894131849569,0.0243667444818444,-0.0066024619205696,0.0065797714880964,0.3240469208211143,0.3215189873417721,-0.3430656934306569,0.6822429906542057,0.5625,0.1111111111111111,-0.0172413793103448,0.6538461538461539,0.3333333333333333,0.0756972111553784
2026-05-06,0.0085767222747128,-0.0127195000383405,0.0123405499886644,-0.0052400845138645,0.015343825149293,0.0076843401825205,-0.0007386408660294,0.0052114870220338,-0.0032480270371826,0.0236721688860712,0.399234693877551,0.607603197911568,-0.0619469026548672,0.6691176470588236,0.7303634232121923,0.4778156996587031,-0.3670731707317073,0.5900826446280991,,0.1981132075471697
2026-05-07,0.0008346899310011,0.0183092816416284,0.0031481854671509,0.0006230541060246,0.0030348959667549,0.0107292575612774,-0.0338098938098937,0.0008540027333504,-0.0102863961583142,-0.0039484912425788,0.4891732283464566,0.5890005913660556,0.1833137485311398,0.2878013148283418,0.4261213720316623,0.3811833171677982,0.271203656678517,0.3375959079283887,,0.137910447761194
2026-05-08,0.0185834599929276,0.0213481916483292,-0.0063468550468955,-0.0113935188705178,-0.0093969162083628,-0.0074004214153433,-0.0150247462493321,0.002921049418036,0.0031920903220552,-0.0287333186978343,0.5631713554987212,0.6003045298819947,0.3971291866028708,0.4230769230769231,-0.0313688212927756,0.7374999999999999,0.029032258064516,0.4528907922912205,,0.4717261904761905
2026-05-11,-0.0147969288538864,-0.018230673070005,-0.0215626783766419,-0.0247266615744124,-0.0031314670042845,-0.0228894065884192,-0.0060483406099915,-0.007716071353666,0.0004854251105429,0.0007614696085375,0.3994816414686825,0.4723363131191109,0.3745591347284269,0.4146924148914991,0.4029524330235101,0.4926926926926926,0.6030769230769232,0.4264705882352941,0.2950819672131147,0.3729641693811074
2026-05-12,-0.0034802878198092,-0.0131745421704403,0.0052142856200832,0.0054308704046953,-0.0061249239234361,0.0091324403507112,0.027508350091302,0.0141301897177341,0.0,0.0007896368345175,0.5,0.4444444444444444,0.2,-0.1818181818181818,0.5882352941176472,-0.2941176470588235,0.3191489361702128,0.3888888888888889,0.75,0.24
2026-05-13,0.0123330790200935,-0.0093876969673714,0.0022631368080688,0.024661359807461,-0.0024543222729282,0.0012939650449308,0.0670351901444338,0.0064826465552944,0.007013891633837,-0.0017008236797615,0.4455852156057495,0.4965893587994544,0.6798076923076922,0.2236421725239616,0.8400000000000001,0.7000000000000001,0.465034965034965,0.1379310344827586,0.5,0.4230769230769231
2026-05-14,0.0145833880568401,0.02225051374444,-0.0017279316372376,0.0223819293219923,0.0085372802121076,0.0095638411379734,-0.0031869083507495,-0.0061713583539853,-0.0064417654672964,-0.0076319705144549,0.1416666666666666,0.6224188790560473,0.7741935483870968,0.1627906976744186,0.4285714285714285,0.5882352941176471,-0.2,0.12,0.5,0.2181818181818181
2026-05-15,-0.0076225873493099,0.0124237320355684,-0.0112056988256152,-0.0123838044219322,0.0025891630609556,-0.0192609807640823,0.0472943222662565,-0.0068315395481497,-0.0096191724458614,0.0093980310020244,0.5399999999999999,0.8840579710144928,0.4285714285714286,0.4468085106382979,1.0,0.1555555555555555,0.5454545454545455,0.5692307692307692,1.0,0.2711538461538462
2026-05-18,0.0366224755099915,-0.0157251356633041,-0.0066536140546944,0.0455633900080412,-0.0014161457615817,-0.0282174382482841,0.0574960699017759,0.0068950698507797,0.0049929803794552,0.0077348527117554,0.3093833780160858,0.7043544690603516,0.3409490333919156,0.1746987951807229,0.4575471698113207,0.6871794871794872,0.1884816753926701,0.4007891770011274,-0.44,-0.1945945945945946
2026-05-19,-0.0059885236193544,-0.00213577482543,-0.0012445137445137,0.0119156034965455,-0.0031806472183268,-0.0026235831657152,-0.0698307724044605,-0.0121303528647369,0.0005594379426155,-0.0027448805674612,0.4723404255319149,0.5313351498637603,0.6144578313253013,0.388235294117647,0.4951456310679612,0.4960629921259843,0.0276923076923076,0.6818181818181819,0.3333333333333333,0.4983050847457627
2026-05-20,-0.007187930331325,-0.0073568068791023,-0.0068056560632045,0.006609462266253,-0.0132770755151409,-0.0085132324495318,0.0280149472346004,-0.0096668569874915,-0.0047620115238885,-0.0055328359046519,0.2814021421616358,0.090311986863711,-0.7352941176470588,0.6968641114982579,0.7037037037037037,0.270358306188925,0.1302931596091204,0.5652173913043478,0.0,0.4495614035087719
2026-05-21,-0.0015787380689978,-0.0245925800662211,0.0149688463816125,-0.0186189500066911,0.004159493599654,0.0143339318189308,-0.0222471486935024,-0.0118709348065859,0.0042463421700709,-0.0111126934029191,0.3024445707788517,0.6669832225387781,-0.5449101796407186,0.1703853955375253,-0.1468531468531468,0.6622754491017964,0.1949152542372881,0.7761194029850746,1.0,-0.0386934673366834
2026-05-22,-0.0147094447888345,-0.0114181009134199,0.0133923918290771,-0.0093590870458875,0.0026201839475561,-0.0029954804684669,-0.0291385057955837,-0.0076566097029197,-0.0151815283211823,-0.0055317886883811,0.3790575916230367,0.5333333333333334,-0.5384615384615384,0.2452830188679245,0.0,0.8000000000000002,0.2,0.8434782608695652,0.0,0.196078431372549
2026-05-25,0.0010498687664042,0.014161038149782,-0.0005536340513612,-0.011730313964832,0.0016784641520843,-0.0110657792181433,-0.0456404935033737,0.0016497910159941,0.0068558319700645,0.0021558652709401,0.2422000878863336,0.4201299980303328,0.1982881597717546,0.8030776092774307,0.2173913043478261,0.5252918287937743,0.2583333333333333,0.6073619631901841,0.125,-0.2138024357239512
2026-05-26,0.0126245112812875,-0.0182033893338795,0.0134804820915971,0.0051929262835998,-0.005734817426922,0.0074770677583999,0.0062180786795273,0.0029442474346724,0.0021598272138229,0.0018167272242408,0.1858823529411765,0.591304347826087,0.6216216216216217,-0.0526315789473684,0.3846153846153846,0.6763636363636363,0.1764705882352941,0.4547945205479452,,0.0428571428571428
2026-05-27,-0.0023831481914806,-0.020310480120575,-0.0037238265156469,0.0046126518065938,3.058782326648135e-05,0.008891128558041,-0.0086237373737373,0.001047851048463,-0.0037751695209041,0.0297006512816141,0.1076233183856502,0.3125,0.1886792452830188,0.6867469879518072,0.7027027027027027,0.7333333333333333,0.4384615384615384,0.1052631578947368,0.0,0.5543478260869565
2026-05-28,-0.0181422919099786,0.0156164240019214,-0.0146270771286843,-0.0198703758362848,-0.0070844580765223,-0.0073199067086299,-0.0008403788826826,-0.0149465995286016,-0.0048301757979176,-0.020510019978382,0.4105263157894737,0.5841584158415842,-0.1666666666666666,0.3903061224489795,0.3692307692307692,0.8045977011494253,1.0,0.2874251497005988,1.0,0.3641379310344828
2026-05-29,-0.0086460932050309,-0.0016122056243692,-0.0037269929652207,-0.006799742591001,-0.0041889627887305,-0.0125214382849057,0.041908116446095,0.001549595572584,0.0032753750243521,-0.0054969007560793,0.5055970149253731,0.0459641255605381,0.3265306122448979,0.4025974025974027,0.1791590493601462,-0.1063829787234042,0.3333333333333333,0.6289592760180995,1.0,0.0812499999999999
2026-06-01,-0.0021130179917721,-0.0153217672991047,0.0006944444444444,0.0067927496610937,0.0012515603475162,0.0052964713896967,-0.0278315066040708,2.809117263735672e-05,0.0026156322920246,-0.007779213690984,0.2180947663859997,0.3683968058968059,0.4609609609609609,0.6435921421889618,0.7523791027383959,0.3775775775775776,0.0494968165947833,0.4805111821086262,-0.1615384615384615,0.1559471365638766
2026-06-02,-0.0115600213270206,-0.0256524856892053,-0.0155648244053436,0.0240182531035314,-0.0109598508192008,-0.0141095749163909,-0.0237981595183674,-0.0053804754687396,-0.0011030993159397,-0.0171318867220801,0.2754219843557019,-0.0226876090750436,0.6,0.2293144208037825,0.391304347826087,0.2015209125475285,0.348914858096828,0.3445378151260503,1.0,0.4555133079847909
2026-06-03,0.0042068342295221,-0.0313114605758911,0.0118097811434645,0.0167124744285988,0.0104945164147463,0.0135019248772401,0.0204478562142795,0.0004314882894078,-0.0070678626060353,0.0053612027869454,0.4181494661921708,0.5693950177935944,-0.3442622950819672,0.3901437371663245,0.5964912280701754,0.2052173913043477,0.3859223300970874,0.3838383838383838,1.0,0.1243243243243243
2026-06-04,0.0090548500475443,0.0140404613592299,-0.0092595624710078,-0.0011705940876612,-0.0010646860133117,-0.0053475836344554,0.0340831803033394,0.0277113479266784,0.0029339370473027,0.0059073318005906,0.2894736842105263,0.4429906542056075,0.5200000000000001,0.3658536585365853,0.6689655172413793,0.71875,0.1967213114754098,-0.1111111111111111,1.0,0.0476190476190476
2026-06-05,-0.0097146720338411,0.0085200789548615,-0.0044561467506997,-0.0167589787670056,-0.0051702566154452,0.0002265529269448,-0.0001297349032857,-0.0057723832043335,-2.337540906965918e-05,-0.0102384932326334,0.2453097345132743,0.5312916111850866,0.0,0.5399830460582086,0.2903225806451613,0.4684014869888476,0.6347381864623243,0.5175097276264591,1.0,0.5163934426229508
2026-06-08,-0.016488849093086,-0.0235390711077209,-0.0243983137455288,-0.0279995361325946,-0.0183655672292638,-0.0132234344202621,-0.0099520068613764,-0.004379903801724,0.0008171171625846,-0.0082796434322621,0.071078431372549,0.3969648562300319,0.6491712707182321,0.6756756756756758,0.8305084745762712,0.1395348837209302,-0.15,0.4571428571428571,0.9130434782608696,0.5124620060790275
2026-06-09,0.0038108191738247,-0.0189014251310863,0.0064377682403433,0.0102675756314661,0.0103180590273389,-0.0018144467760616,-0.0161000473192739,-0.0027624113926827,0.0043339437479458,0.0042092453364895,0.0631067961165048,0.1608961303462321,0.6901408450704226,0.3432835820895522,0.0476190476190476,-0.0916334661354581,0.0,0.56,0.5,-0.1873015873015873
2026-06-10,0.0061322375943763,0.0301772721278597,0.0060342200721509,-0.0019795225185247,0.0039506883407092,0.0027532715600966,-0.0060449170560173,-0.0027047487723354,0.001095102876827,0.0014130742945819,0.5704918032786885,0.336,0.5294117647058824,-0.1276595744680851,0.8275862068965518,0.15,-0.125,0.5957446808510638,,0.0428571428571428
2026-06-11,-0.0040335861478774,-0.0102730300277984,-0.0070166299448184,-0.0125141900397672,0.0048832255433295,-0.0176522110142327,-0.0011108760782134,0.0002132339577224,-0.0005359056806001,0.0015144545050312,0.3925619834710743,0.5483870967741936,0.3636363636363636,-0.0290135396518375,0.6956521739130435,0.2373401534526854,0.7000000000000001,0.4843511450381679,1.0,0.2961538461538461
2026-06-12,-0.0023182853017935,-0.0142298095708871,-0.0042554739215829,0.0014511293305626,-0.0006354245500918,-0.0042958822086813,0.0105196159047354,0.0015848860385413,-0.0066889632107022,-0.0030227912937023,0.5652173913043478,0.1284403669724771,-0.3999999999999998,0.6595744680851064,-0.1538461538461538,0.02,0.2777777777777778,0.1111111111111111,-0.3333333333333333,0.4090909090909091
2026-06-15,0.0074601102302095,-0.0047828280772297,0.0364200567899123,0.0071161742039106,0.0084387441012501,0.0403577118724155,-0.0310262754205108,0.0362613647259513,0.0028612303290414,0.0190531305114638,0.2696629213483146,0.3797600417318726,0.0527704485488126,0.2062374245472837,0.4064272211720227,0.0919765166340508,-0.104225352112676,0.4307692307692308,0.0,-0.002127659574468
2026-06-16,0.0034860972360972,0.0096919637174392,0.0034346775886879,0.0022263434421423,0.0044728667148269,0.0255313177701236,0.0078938011141401,-0.000979401581592,-0.0053402034868496,0.0068068105308901,0.3586309523809523,0.6180555555555557,0.926470588235294,0.8,0.4666666666666666,0.4661921708185053,0.1403508771929824,0.7588424437299035,,0.6000000000000001
2026-06-17,0.0164454373610591,-0.0108031334835458,-0.0055198482590434,0.003693158391416,-0.0049022100051803,0.0034127545637462,-0.0021301195382679,-0.0021704990793981,-0.0014461315979754,0.0014587892049598,0.2475754310344827,0.5045939905636951,0.0932642487046631,0.6666666666666666,0.6164383561643836,0.4131374243733794,0.1182170542635658,0.6526217228464419,-1.0,0.2981481481481481
2026-06-18,-0.0081689870996854,0.0452253259814121,-0.0089002794722448,-0.0094750210745101,-0.0048288583510524,-0.0096221379407219,0.0155422513018691,-0.0130307334946428,-0.0064526872320053,-0.0014416590881216,0.3902912621359224,0.3773584905660379,-0.3636363636363635,0.4943820224719102,0.5619047619047619,0.0846153846153846,0.4596153846153846,0.4273291925465838,0.5,0.1932432432432432
2026-06-19,-0.0088299539330467,-0.0077852153573602,-0.0087870509522232,-0.001950315606719,-0.0019130104349507,-0.0134741710859817,-0.0054364407665141,-0.0066661312250158,-0.0021648672964462,-0.0069761031152364,0.7950310559006212,0.4382022471910113,0.9285714285714286,0.5754716981132074,0.4411764705882353,0.1379310344827586,0.5689655172413793,0.3005780346820809,0.5,0.4999999999999999
2026-06-22,0.0040100733418713,0.0476578998345552,-0.0013661202185792,-0.0108397130155333,-0.0042441862719561,-0.0059847335684826,0.0138614555156283,-0.0038679911228931,0.0041915921733909,0.0218534075431166,-0.0735294117647058,0.6451612903225806,0.1398601398601398,0.2836879432624113,0.3414634146341463,0.4545454545454545,0.5263157894736842,0.6363636363636365,0.0,0.4117647058823529
2026-06-23,0.0030475799431542,-0.0014919377976702,-0.0153030571434047,-0.0060830573966383,-0.0038824542902985,-0.0215370221266237,-0.0320587749538937,-0.002557489926444,-0.0124741518879325,-0.0135435479816786,0.5248868778280543,0.125,0.0344827586206896,0.5679012345679012,0.054054054054054,0.4324324324324324,0.676923076923077,0.8627450980392157,1.0,0.44
2026-06-24,-0.0069102676498768,0.0274908899576062,7.183005010143646e-05,-0.0044773689915876,-0.0005894488653109,0.0107072515519101,0.0133441353638793,-0.0097333879425389,-0.0064533953220133,-0.0124862424633592,0.6633813495072023,0.5824130027088977,0.8273381294964028,0.6059113300492611,0.3639846743295019,0.392015392015392,0.2569169960474308,0.6091205211726384,1.0,0.3548387096774194
2026-06-25,-0.0066095641261055,-0.0221502511432868,-0.0028368794326241,0.0003266134356259,0.00557880055788,-0.0054490915201842,-0.0160678313337436,-0.0121652256785932,-0.0024540784270243,0.0131705859909775,0.7795275590551182,0.6493150684931507,0.36,0.339622641509434,0.4285714285714285,0.2558139534883721,0.1935483870967742,0.4285714285714286,0.3333333333333333,0.09375
2026-06-26,0.0026934086632533,0.0135239883204878,-0.0028309711854015,-0.0012287512610444,-0.0006660690025188,-0.0029577324781653,-0.0061773832719925,0.0002669552669553,-0.0104392412699122,0.0040089684784124,0.3868613138686131,0.4357682619647355,0.4285714285714285,0.5163934426229508,0.5172413793103448,0.0967741935483871,0.4210526315789473,0.7241379310344828,0.0,0.2109375
